id,product-name,console-name,price-in-pennies,include-string,condition-string,sku,notes,cost-basis-in-pennies,quantity,date-entered,date-purchased,grading-company,grading-cert-id,folder
3865,Perfect Dark,Nintendo 64,2351,Item only,Normal wear,,,0,1,2024-09-03,,,,
30341,WWE Smackdown vs. Raw 2011,Playstation 3,2011,"Item, Box, and Manual",Normal wear,,,0,1,2024-09-02,,,,
3388,Medal of Honor European Assault,Gamecube,1600,"Item, Box, and Manual",Normal wear,,,0,1,2023-07-08,,,,
8820,Daytona USA,Sega Dreamcast,6618,"Item, Box, and Manual",Normal wear,,,0,1,2023-07-08,,,,
3898,Rush 2,Nintendo 64,1979,Item only,Normal wear,,,0,1,2024-09-03,,,,
10834,Tony Hawk Project 8,Playstation 3,1199,"Item, Box, and Manual",Normal wear,,,0,1,2023-07-07,,,,
2158190,Dead or Alive 2 Ultimate,Xbox,1157,"Item, Box, and Manual",Normal wear,,,0,1,2023-07-07,,,,
3925,Super Smash Bros.,Nintendo 64,4949,Item only,Normal wear,,,0,1,2024-09-02,,,,
39944,Sonic the Hedgehog [Not for Resale],Sega Genesis,1050,Item only,Normal wear,,,0,1,2024-09-03,,,,
12817,Ridge Racer Type 4,Playstation,4675,"Item, Box, and Manual",Normal wear,,,0,1,2023-07-08,,,,
49947,Ratchet Deadlocked [Greatest Hits],Playstation 2,1995,"Item, Box, and Manual",Normal wear,,,0,1,2023-07-07,,,,ps2
10057,Toy Commander,Sega Dreamcast,2435,"Item, Box, and Manual",Normal wear,,,0,1,2023-07-08,,,,
33379,Hitman Absolution,Playstation 3,781,"Item, Box, and Manual",Normal wear,,,0,1,2024-09-02,,,,
67899,Dead or Alive 3 [Platinum Hits],Xbox,998,"Item, Box, and Manual",Normal wear,,,0,1,2023-07-07,,,,
36258,Rise of the Tomb Raider,Xbox One,934,"Item, Box, and Manual",Normal wear,,,0,1,2026-06-27,,,,
4273,Bombing Islands,Playstation,799,"Item, Box, and Manual",Normal wear,,,0,1,2023-07-08,,,,
3766,Gameshark,Nintendo 64,1776,Item only,Normal wear,,,0,1,2024-09-03,,,,
37587,Chrono Cross [Greatest Hits],Playstation,1611,"Item, Box, and Manual",Normal wear,,,0,1,2023-07-08,,,,
3915,Star Wars Rogue Squadron,Nintendo 64,1844,Item only,Normal wear,,,0,1,2024-09-03,,,,
38381,Mario Paint [Mouse Bundle],Super Nintendo,3350,Item only,Normal wear,,,0,1,2024-09-02,,,,
9252,LocoRoco,PSP,1245,"Item, Box, and Manual",Normal wear,,,0,1,2024-09-03,,,,
6662,The Matrix Path of Neo,Xbox,1378,"Item, Box, and Manual",Normal wear,,,0,1,2023-07-07,,,,
10613,Condemned Criminal Origins,Xbox 360,2599,"Item, Box, and Manual",Normal wear,,,0,1,2024-09-02,,,,
66751,Kirby's Dream Land [Player's Choice],GameBoy,2289,Item only,Torn label,,,0,1,2023-10-15,,,,
36771,Deus Ex: Mankind Divided,Playstation 4,764,"Item, Box, and Manual",Normal wear,,,0,1,2026-06-27,,,,
6418,MX World Tour,Xbox,600,"Item, Box, and Manual",Normal wear,,,0,1,2023-07-07,,,,
37634,Final Fantasy IX [Greatest Hits],Playstation,1697,"Item, Box, and Manual",Normal wear,,,0,1,2023-07-08,,,,
2937,Metal Gear Solid,GameBoy Color,13999,Item only,Normal wear,,,0,1,2023-10-15,,,,
66693,Namco Museum [Player's Choice],Gamecube,1125,"Item, Box, and Manual",Normal wear,,,0,1,2023-07-08,,,,
2313409,Resident Evil 6 [Greatest Hits],Playstation 3,800,"Item, Box, and Manual",Normal wear,,,0,1,2024-09-02,,,,
34752,Metal Gear Solid V: Ground Zeroes,Xbox 360,900,"Item, Box, and Manual",Normal wear,,,0,1,2024-09-02,,,,
5495,Mortal Kombat Deception,Playstation 2,1881,"Item, Box, and Manual",Normal wear,,,0,1,2023-07-07,,,,ps2
36281,Metroid Prime Trilogy,Wii,12000,"Item, Box, and Manual",Normal wear,,,0,1,2023-07-08,,,,
38441,Gex [Long Box],Playstation,4499,"Item, Box, and Manual",Normal wear,,,0,1,2023-07-08,,,,
9229,Legacy of Kain Soul Reaver,Sega Dreamcast,2359,"Item, Box, and Manual",Normal wear,,,0,1,2023-07-07,,,,
16088,Biathlon 2008,Playstation 2,1175,"New Item, Box, and Manual",No blemishes,,,0,1,2023-07-07,,,,ps2
11626,Second Sight,Xbox,1136,"Item, Box, and Manual",Normal wear,,,0,1,2023-07-08,,,,
2710,Yoshi's Island: Super Mario Advance 3,GameBoy Advance,1659,Item only,Normal wear,,,0,1,2026-06-27,,,,
49998,Tekken 4 [Greatest Hits],Playstation 2,1499,"Item, Box, and Manual",Normal wear,,,0,1,2023-07-07,,,,ps2
15978,The Last Remnant,Xbox 360,1198,"Item, Box, and Manual",Normal wear,,,0,1,2024-09-02,,,,
4421,Fear Effect,Playstation,2999,"Item, Box, and Manual",Normal wear,,,0,1,2023-07-08,,,,
5392,LA Rush,Playstation 2,891,"Item, Box, and Manual",Normal wear,,,0,1,2023-07-07,,,,ps2
10397,Soul Calibur,Sega Dreamcast,3988,"Item, Box, and Manual",Normal wear,,,0,1,2023-07-08,,,,
13146,Obscure The Aftermath,Wii,1499,"Item, Box, and Manual",Normal wear,,,0,1,2023-07-08,,,,
4293,Bushido Blade,Playstation,3596,"Item, Box, and Manual",Normal wear,,,0,1,2023-07-08,,,,
11047,Capcom Classics Mini Mix,GameBoy Advance,1342,Item only,Normal wear,,,0,1,2026-06-27,,,,
3720,California Speed,Nintendo 64,1699,Item only,Normal wear,,,0,1,2024-09-03,,,,
5163,Dynasty Warriors 4,Playstation 2,1389,"Item, Box, and Manual",Normal wear,,,0,1,2023-07-07,,,,ps2
12633,Gekioh Shooting King,Playstation,4820,"Item, Box, and Manual",Normal wear,,,0,1,2023-07-08,,,,
10932,Unreal Tournament III,Playstation 3,887,"Item, Box, and Manual",Normal wear,,,0,1,2024-09-02,,,,
5625,Orphen Scion of Sorcery,Playstation 2,1137,"Item, Box, and Manual",Normal wear,,,0,1,2023-07-07,,,,ps2
6502,OutRun 2,Xbox,2623,"Item, Box, and Manual",Normal wear,,,0,1,2023-07-08,,,,
9647,The Ren and Stimpy Show Stimpy's Invention,Sega Genesis,1294,Item only,Normal wear,,,0,1,2024-09-03,,,,
6595,Splinter Cell Chaos Theory,Xbox,1284,"Item, Box, and Manual",Normal wear,,,0,1,2023-07-08,,,,
4775,Star Wars Dark Forces,Playstation,1498,"Item, Box, and Manual",Normal wear,,,0,1,2023-07-08,,,,
3707,Blast Corps,Nintendo 64,1988,Item only,Normal wear,,,0,1,2024-09-03,,,,
65637,Sonic Mega Collection [Player's Choice],Gamecube,1673,"Item, Box, and Manual",Normal wear,,,0,1,2023-07-08,,,,
68628,Sonic's Ultimate Genesis Collection [Platinum Hits],Xbox 360,1031,"Item, Box, and Manual",Normal wear,,,0,1,2024-09-02,,,,
7385,Metal Slug Anthology,Wii,2005,"Item, Box, and Manual",Normal wear,,,0,1,2023-07-08,,,,
4898,WCW nWo Thunder,Playstation,1189,"Item, Box, and Manual",Normal wear,,,0,1,2023-07-08,,,,
9381,Ms. Pac-Man,Sega Genesis,688,Item only,Normal wear,,,0,1,2024-09-03,,,,
32305,Saints Row: The Third,Xbox 360,798,"Item, Box, and Manual",Normal wear,,,0,1,2024-09-02,,,,
14122,The House of the Dead 2 & 3 Return,Wii,1993,"Item, Box, and Manual",Normal wear,,,0,1,2023-07-08,,,,
12031,Super Thunder Blade,Sega Genesis,936,Item only,Normal wear,,,0,1,2024-09-03,,,,
6028,X-Files Resist or Serve,Playstation 2,8447,"Item, Box, and Manual",Normal wear,,,0,1,2023-07-07,,,,ps2
21123,Best of Entertainment Pack,GameBoy Color,4252,Item only,Normal wear,,,0,1,2023-10-15,,,,
5802,Splashdown Rides Gone Wild,Playstation 2,1138,"Item, Box, and Manual",Normal wear,,,0,1,2023-07-07,,,,ps2
14196,Enemy Territory Quake Wars,Playstation 3,949,"Item, Box, and Manual",Normal wear,,,0,1,2024-09-02,,,,
6073,Auto Modellista,Xbox,9142,"Item, Box, and Manual",Normal wear,,,0,1,2023-07-07,,,,
12916,Tony Hawk,Playstation,1799,"Item, Box, and Manual",Normal wear,,,0,1,2023-07-07,,,,PlayStation
10763,ATV Offroad Fury 4,Playstation 2,614,"Item, Box, and Manual",Normal wear,,,0,1,2023-07-07,,,,ps2
52041,Dark Souls [Greatest Hits],Playstation 3,1250,"Item, Box, and Manual",Normal wear,,,0,1,2024-09-02,,,,
11972730,Shenmue III [Steelbook Edition],Playstation 4,999,"Item, Box, and Manual",Normal wear,,,0,1,2026-06-27,,,,
5321,Heroes of Might and Magic,Playstation 2,1139,"Item, Box, and Manual",Normal wear,,,0,1,2023-07-07,,,,ps2
10665,Saints Row,Xbox 360,1455,"Item, Box, and Manual",Normal wear,,,0,1,2024-09-02,,,,
6201,Driver Parallel Lines,Xbox,1999,"Item, Box, and Manual",Normal wear,,,0,1,2023-07-07,,,,
6178,Dead or Alive Xtreme Beach Volleyball,Xbox,5157,"Item, Box, and Manual",Normal wear,,,0,1,2023-07-07,,,,
7044,Paladin's Quest,Super Nintendo,5000,Item only,Normal wear,,,0,1,2024-09-02,,,,
9009,Game Genie,Super Nintendo,3149,Item only,Normal wear,,,0,1,2024-09-03,,,,
5189,007 Everything or Nothing,Playstation 2,1210,"Item, Box, and Manual",No blemishes,,,0,1,2023-07-07,,,,ps2
30862,Mass Effect 2,Playstation 3,466,Item only,Normal wear,,,0,1,2024-09-02,,,,
30356,Tony Hawk: Shred,Playstation 3,824,"Item, Box, and Manual",Normal wear,,,0,1,2024-09-02,,,,
35677,Mortal Kombat X,Playstation 4,934,"Item, Box, and Manual",Normal wear,,,0,1,2026-06-27,,,,
13229,Mario Kart Wii,Wii,6000,"Item, Box, and Manual",Normal wear,,,0,2,2023-07-08,,,,
16320,Killzone 2,Playstation 3,1028,"Item, Box, and Manual",Normal wear,,,0,1,2024-09-02,,,,
36250,Fallout 4,Xbox One,1067,"Item, Box, and Manual",Normal wear,,,0,1,2026-06-27,,,,
6610,Stake,Xbox,1299,"Item, Box, and Manual",Normal wear,,,0,1,2023-07-08,,,,
14109,War Jetz,Playstation 2,954,"Item, Box, and Manual",Normal wear,,,0,1,2023-07-07,,,,ps2
21046,Final Fantasy XIII,Playstation 3,1088,"Item, Box, and Manual",Normal wear,,,0,1,2024-09-02,,,,
2988,Pokemon Yellow,GameBoy,6750,Item only,Normal wear,,,0,1,2023-10-15,,,,
5143,Dragon Ball Z Budokai Tenkaichi,Playstation 2,1630,"Item, Box, and Manual",No blemishes,,,0,1,2023-07-07,,,,ps2
15938,Mirror's Edge,Xbox 360,899,"Item, Box, and Manual",Normal wear,,,0,1,2024-09-02,,,,
6543,Return to Castle Wolfenstein,Xbox,1000,"Item, Box, and Manual",Normal wear,,,0,1,2023-07-08,,,,
21063,Resonance of Fate,Playstation 3,1806,"Item, Box, and Manual",Normal wear,,,0,1,2024-09-02,,,,
6672,The Warriors,Xbox,4689,"Item, Box, and Manual",Normal wear,,,0,1,2023-07-08,,,,
12598,3Xtreme,Playstation,799,"Item, Box, and Manual",Normal wear,,,0,1,2023-07-08,,,,
3553,Spiderman 2,Gamecube,1999,"Item, Box, and Manual",Normal wear,,,0,1,2023-07-08,,,,
498719,Cyberpunk 2077,Xbox One,1499,"Item, Box, and Manual",Normal wear,,,0,1,2026-06-27,,,,
4930,X-men Mutant Academy,Playstation,1445,"Item, Box, and Manual",Normal wear,,,0,1,2023-07-08,,,,
6298,Headhunter Redemption,Xbox,1165,"Item, Box, and Manual",Normal wear,,,0,1,2023-07-07,,,,
6334,Kingdom Under Fire Heroes,Xbox,977,"Item, Box, and Manual",Normal wear,,,0,1,2023-07-07,,,,
3389,Medal of Honor Frontline,Gamecube,1360,"Item, Box, and Manual",Normal wear,,,0,1,2023-07-08,,,,
67967,Tony Hawk 4 [Platinum Hits],Xbox,948,"Item, Box, and Manual",Normal wear,,,0,1,2023-07-08,,,,
49737,Soviet Strike [Greatest Hits],Playstation,945,"Item, Box, and Manual",Normal wear,,,0,1,2023-07-08,,,,
32123,Metal Gear Solid HD Collection,Xbox 360,2499,"Item, Box, and Manual",Normal wear,,,0,1,2024-09-02,,,,
67986,Crimson Skies [Platinum Hits],Xbox,894,"Item, Box, and Manual",Normal wear,,,0,1,2023-07-07,,,,
3655,WWE Day of Reckoning 2,Gamecube,3500,"Item, Box, and Manual",Normal wear,,,0,1,2023-07-08,,,,
19227,Infamous,Playstation 3,1474,"Item, Box, and Manual",Normal wear,,,0,1,2024-09-02,,,,
20406,Star Ocean: The Last Hope International,Playstation 3,1076,"Item, Box, and Manual",Normal wear,,,0,1,2024-09-02,,,,
6027,Xenosaga 3,Playstation 2,27999,"Item, Box, and Manual",No blemishes,,,0,1,2023-07-07,,,,ps2
12861,Skeleton Warriors,Playstation,3077,"Item, Box, and Manual",Normal wear,,,0,1,2023-07-08,,,,
4853,Tomb Raider II,Playstation,1417,"Item, Box, and Manual",Normal wear,,,0,1,2023-07-08,,,,
8777,Crazy Taxi 2,Sega Dreamcast,5000,"Item, Box, and Manual",Normal wear,,,0,1,2023-07-08,,,,
9781,Sonic & Knuckles,Sega Genesis,6400,Item only,Normal wear,,,0,2,2024-09-03,,,,
3165,Army Men Sarge's War,Gamecube,1195,"Item, Box, and Manual",Normal wear,,,0,1,2023-07-08,,,,
37688,Tekken 3 [Greatest Hits],Playstation,2590,"Item, Box, and Manual",Normal wear,,,0,1,2023-07-08,,,,
6232,Fatal Frame 2: Crimson Butterfly,Xbox,9972,"Item, Box, and Manual",Normal wear,,,0,1,2023-07-07,,,,
10116,Virtua Fighter 3tb,Sega Dreamcast,3127,"Item, Box, and Manual",Normal wear,,,0,1,2023-07-07,,,,
20108,Silent Hill: Shattered Memories,Wii,10764,"Item, Box, and Manual",Normal wear,,,0,1,2023-07-08,,,,
5319,Headhunter,Playstation 2,901,"Item, Box, and Manual",Normal wear,,,0,1,2023-07-07,,,,ps2
2392950,Streets of Rage 4 [Anniversary Edition],Playstation 4,2197,"Item, Box, and Manual",Normal wear,,,0,1,2026-06-27,,,,
34243,Diablo III,Playstation 3,806,"Item, Box, and Manual",Normal wear,,,0,1,2024-09-02,,,,
3327,Harvest Moon Magical Melody,Gamecube,2497,"Item, Box, and Manual",Normal wear,,,0,1,2023-07-08,,,,
20394,White Knight Chronicles International Edition,Playstation 3,922,"Item, Box, and Manual",Normal wear,,,0,1,2024-09-02,,,,
30775,Donkey Kong Country Returns,Wii,1250,"Item, Box, and Manual",Normal wear,,,0,1,2023-07-08,,,,
6485,NHL Hitz 2003,Xbox,2399,"Item, Box, and Manual",Normal wear,,,0,1,2023-07-08,,,,
5493,Mortal Kombat Armageddon,Playstation 2,1995,"Item, Box, and Manual",Normal wear,,,0,1,2023-07-07,,,,ps2
6583,Sonic Heroes,Xbox,2194,"Item, Box, and Manual",Normal wear,,,0,1,2023-07-08,,,,
8967,Fighting Force 2,Sega Dreamcast,1500,"Item, Box, and Manual",Normal wear,,,0,1,2023-07-08,,,,
6540,Red Dead Revolver,Xbox,1999,"Item, Box, and Manual",Normal wear,,,0,1,2023-07-08,,,,
5846,Stunt GP,Playstation 2,998,"Item, Box, and Manual",Normal wear,,,0,1,2023-07-07,,,,ps2
10212,WWF Attitude,Sega Dreamcast,1445,"Item, Box, and Manual",Normal wear,,,0,1,2023-07-08,,,,
5989,We Love Katamari,Playstation 2,1799,"Item, Box, and Manual",Normal wear,,,0,1,2023-07-07,,,,ps2
4228,Army Men Sarge's Heroes,Playstation,1349,"Item, Box, and Manual",Normal wear,,,0,1,2023-07-08,,,,
5254,Galerians Ash,Playstation 2,4144,"Item, Box, and Manual",Normal wear,,,0,1,2023-07-07,,,,ps2
4215,Apocalypse,Playstation,2912,"Item, Box, and Manual",Normal wear,,,0,1,2023-07-08,,,,
37595,Resident Evil Director's Cut [Greatest Hits],Playstation,4989,"Item, Box, and Manual",Normal wear,,,0,1,2023-07-08,,,,
12733,Jet Moto 2,Playstation,791,"Item, Box, and Manual",Normal wear,,,0,1,2023-07-08,,,,
36322,Xenoblade Chronicles X,Wii U,1354,"Item, Box, and Manual",Normal wear,,,0,1,2023-07-08,,,,
32539,Mortal Kombat Komplete Edition,Playstation 3,1579,"Item, Box, and Manual",Normal wear,,,0,1,2024-09-02,,,,
6188,Deus Ex Invisible War,Xbox,977,"Item, Box, and Manual",Normal wear,,,0,1,2023-07-07,,,,
32545,SSX,Xbox 360,984,"Item, Box, and Manual",Normal wear,,,0,1,2024-09-02,,,,
9174,Jeremy McGrath Supercross 2000,Sega Dreamcast,1168,"Item, Box, and Manual",Normal wear,,,0,1,2023-07-08,,,,
5931,Tokyo Xtreme Racer Zero,Playstation 2,1550,"Item, Box, and Manual",Normal wear,,,0,1,2023-07-07,,,,ps2
5840,Street Fighter Anniversary,Playstation 2,1747,"Item, Box, and Manual",Normal wear,,,0,1,2023-07-07,,,,ps2
3780,007 GoldenEye,Nintendo 64,3067,Item only,Normal wear,,,0,1,2024-09-02,,,,
10637,Just Cause,Xbox 360,1297,"Item, Box, and Manual",Normal wear,,,0,1,2024-09-02,,,,
11882,Lost Odyssey,Xbox 360,2735,"Item, Box, and Manual",Normal wear,,,0,1,2024-09-02,,,,
4563,Medal of Honor Underground,Playstation,1603,"Item, Box, and Manual",Normal wear,,,0,1,2023-07-08,,,,
3505,Resident Evil,Gamecube,4624,"Item, Box, and Manual",Normal wear,,,0,1,2023-07-08,,,,
10566,Assassin's Creed,Playstation 3,838,"Item, Box, and Manual",Normal wear,,,0,1,2024-09-02,,,,
10432,Syberia,Xbox,957,"Item, Box, and Manual",Normal wear,,,0,1,2023-07-08,,,,
13099,Capcom Fighting Evolution,Xbox,1296,"Item, Box, and Manual",Normal wear,,,0,1,2023-07-07,,,,
32452,NeverDead,Playstation 3,2574,"Item, Box, and Manual",Normal wear,,,0,1,2024-09-02,,,,
4761,Spiderman,Playstation,4156,"Item, Box, and Manual",Normal wear,,,0,1,2023-07-08,,,,
6194,Doom 3: Resurrection of Evil,Xbox,1229,"Item, Box, and Manual",Normal wear,,,0,1,2023-07-07,,,,
10709,Anubis II,Wii,735,"Item, Box, and Manual",Normal wear,,,0,1,2023-07-08,,,,
32471,Kingdoms Of Amalur Reckoning,Xbox 360,899,"Item, Box, and Manual",Normal wear,,,0,1,2024-09-02,,,,
52036,Burnout Paradise [Greatest Hits],Playstation 3,777,"Item, Box, and Manual",Normal wear,,,0,1,2024-09-02,,,,
6510,Phantom Dust,Xbox,3784,"Item, Box, and Manual",Normal wear,,,0,1,2023-07-07,,,,
39896,Wheel of Fortune [Cardboard Box],Sega Genesis,539,"Item, Box, and Manual",Normal wear,,,0,1,2024-09-03,,,,
5793,Soul Calibur III,Playstation 2,1402,"Item, Box, and Manual",Normal wear,,,0,1,2023-07-07,,,,ps2
2816,Donkey Kong Country,GameBoy Color,2299,Item only,Normal wear,,,0,1,2023-10-15,,,,
33417,Tekken Tag Tournament 2,Wii U,2464,"Item, Box, and Manual",Normal wear,,,0,1,2026-06-27,,,,
7154,Super Star Wars Empire Strikes Back,Super Nintendo,1542,Item only,Normal wear,,,0,1,2024-09-02,,,,
10663,Ridge Racer 6,Xbox 360,1532,"Item, Box, and Manual",Normal wear,,,0,1,2024-09-02,,,,
5478,MLB Slugfest 2004,Playstation 2,1253,"Item, Box, and Manual",Normal wear,,,0,1,2023-07-07,,,,ps2
34272,Grand Theft Auto V,Playstation 3,1072,"Item, Box, and Manual",Normal wear,,,0,1,2024-09-02,,,,
65311,Alone in the Dark [Soundtrack Edition],Xbox 360,1121,"Item, Box, and Manual",Normal wear,,,0,1,2024-09-02,,,,
32696,Xenoblade Chronicles,Wii,5994,"Item, Box, and Manual",Normal wear,,,0,2,2023-07-08,,,,
70911,TurboGrafx 16 Mini,TurboGrafx-16,23500,"Item, Box, and Manual",Normal wear,,,0,1,2026-06-27,,,,
3705,Beetle Adventure Racing,Nintendo 64,2920,Item only,Normal wear,,,0,1,2024-09-02,,,,
21662,Naruto Shippuden: Clash of Ninja Revolution 3,Wii,1200,"Item, Box, and Manual",Normal wear,,,0,1,2023-07-08,,,,
4385243,Fable The Lost Chapters [Best Of Platinum Hits],Xbox,1382,"Item, Box, and Manual",Normal wear,,,0,1,2023-07-07,,,,
6192,Doom 3,Xbox,984,"Item, Box, and Manual",Normal wear,,,0,1,2023-07-07,,,,
3629,Turok Evolution,Gamecube,1800,"Item, Box, and Manual",Normal wear,,,0,1,2023-07-08,,,,
6231,Fatal Frame,Xbox,9999,"Item, Box, and Manual",Normal wear,,,0,1,2023-07-07,,,,
39064,Yakuza Kiwami [Steelbook Edition],Playstation 4,2226,"Item, Box, and Manual",Normal wear,,,0,1,2026-06-27,,,,
14830,Elder Scrolls III Morrowind [Game of the Year],Xbox,2302,"Item, Box, and Manual",Normal wear,,,0,1,2023-07-07,,,,
38426,Cyberia [Long Box],Playstation,2135,"Item, Box, and Manual",Normal wear,,,0,1,2023-07-08,,,,
9549,Phantasy Star Online Version 2,Sega Dreamcast,5123,"Item, Box, and Manual",Normal wear,,,0,1,2023-07-08,,,,
6743,X-men Legends 2,Xbox,1189,"Item, Box, and Manual",Normal wear,,,0,1,2023-07-08,,,,
3722,Castlevania,Nintendo 64,3150,Item only,Normal wear,,,0,1,2024-09-02,,,,
15803,Fallout 3,Xbox 360,930,"Item, Box, and Manual",Normal wear,,,0,1,2024-09-02,,,,
3141,Zelda Link's Awakening DX,GameBoy Color,6015,Item only,Normal wear,,,0,1,2023-10-15,,,,
66681,Harvest Moon Magical Melody [Player's Choice],Gamecube,2850,"Item, Box, and Manual",Normal wear,,,0,1,2023-07-08,,,,
58578,Super Mario Sunshine [Player's Choice],Gamecube,4719,"Item, Box, and Manual",Normal wear,,,0,1,2023-07-08,,,,
6523,Project Snowblind,Xbox,659,"Item, Box, and Manual",Normal wear,,,0,1,2023-07-08,,,,
6618,Star Wars Knights of the Old Republic II,Xbox,3168,"Item, Box, and Manual",Normal wear,,,0,2,2023-07-08,,,,
6175,Dave Mirra Freestyle BMX 2,Xbox,1146,"Item, Box, and Manual",Normal wear,,,0,1,2023-07-07,,,,
4523,King of Fighters 99,Playstation,1949,"Item, Box, and Manual",Normal wear,,,0,1,2023-07-08,,,,
5978,Virtua Fighter 4 Evolution,Playstation 2,1238,"Item, Box, and Manual",Normal wear,,,0,1,2023-07-07,,,,ps2
6679,Time Splitters Future Perfect,Xbox,2239,"Item, Box, and Manual",Normal wear,,,0,1,2023-07-07,,,,
11374,Curse The Eye of Isis,Xbox,8051,"Item, Box, and Manual",Normal wear,,,0,1,2023-07-07,,,,
7254,Zelda Link to the Past,Super Nintendo,3550,Item only,Normal wear,,,0,1,2024-09-02,,,,
5365862,Metal Gear Solid [Long Box],Playstation,3933,"Item, Box, and Manual",Normal wear,,,0,1,2023-07-08,,,,
39954,Super Nintendo Classic Edition,Super Nintendo,10000,"Item, Box, and Manual",Normal wear,,,0,1,2026-06-27,,,,
5841,Street Fighter EX3,Playstation 2,2197,"Item, Box, and Manual",Normal wear,,,0,1,2023-07-07,,,,ps2
6951,Illusion of Gaia,Super Nintendo,7413,Item and Box only,Normal wear,,,0,1,2024-09-02,,,,
6350,Lord of the Rings Fellowship of the Ring,Xbox,1199,"Item, Box, and Manual",Normal wear,,,0,1,2023-07-07,,,,
33273,Zone of the Enders HD Collection,Playstation 3,1315,"Item, Box, and Manual",Normal wear,,,0,1,2024-09-02,,,,
34061,Minecraft,Xbox 360,1617,"Item, Box, and Manual",Normal wear,,,0,1,2024-09-02,,,,
6673,Thief Deadly Shadows,Xbox,1299,"Item, Box, and Manual",Normal wear,,,0,1,2023-07-08,,,,
38435,ESPN Extreme Games [Long Box],Playstation,1999,"Item, Box, and Manual",Normal wear,,,0,1,2023-07-08,,,,
3412,Mortal Kombat Deadly Alliance,Gamecube,2383,"Item, Box, and Manual",Normal wear,,,0,1,2023-07-08,,,,
2320,Lunar Legend,GameBoy Advance,2800,Item only,Normal wear,,,0,1,2026-06-27,,,,
5994,Wild Arms 3,Playstation 2,2109,"Item, Box, and Manual",Normal wear,,,0,1,2023-07-07,,,,ps2
45687,A Way Out,Xbox One,1503,"Item, Box, and Manual",Normal wear,,,0,1,2026-06-27,,,,
6136,Chronicles of Riddick: Escape from Butcher Bay,Xbox,1288,"Item, Box, and Manual",Normal wear,,,0,1,2023-07-07,,,,
7141,Super Mario World,Super Nintendo,1799,Item only,Normal wear,,,0,1,2024-09-02,,,,
2873,Harry Potter Chamber of Secrets,GameBoy Color,1499,Item only,Normal wear,,,0,1,2023-10-15,,,,
2979,Pokemon Blue,GameBoy,6204,Item only,Normal wear,,,0,1,2023-10-15,,,,
3508426,Injustice 2 [PlayStation Hits],Playstation 4,996,"Item, Box, and Manual",Normal wear,,,0,1,2026-06-27,,,,
12568,AAAHH Real Monsters,Sega Genesis,894,Item only,Normal wear,,,0,1,2024-09-03,,,,
49986,Star Ocean Till the End of Time [Greatest Hits],Playstation 2,1405,"Item, Box, and Manual",Normal wear,,,0,1,2023-07-07,,,,ps2
2025,Bomberman Max 2 Blue,GameBoy Advance,1497,Item only,Normal wear,,,0,1,2026-06-27,,,,
9272,Madden NFL '98,Sega Genesis,849,Item only,Normal wear,,,0,1,2024-09-03,,,,
33285,Halo 4,Xbox 360,686,"Item, Box, and Manual",Normal wear,,,0,1,2024-09-02,,,,
4734,San Francisco Rush,Playstation,1152,"Item, Box, and Manual",Normal wear,,,0,1,2023-07-08,,,,
5879,Tekken 5,Playstation 2,2499,"Item, Box, and Manual",Normal wear,,,0,1,2023-07-07,,,,ps2
15639,Harvest Moon Tree of Tranquility,Wii,1514,"Item, Box, and Manual",Normal wear,,,0,1,2023-07-08,,,,
3196,Bloody Roar Primal Fury,Gamecube,6490,"Item, Box, and Manual",Normal wear,,,0,1,2023-07-08,,,,
7453,Street Fighter II,Super Nintendo,1995,Item only,Normal wear,,,0,1,2024-09-02,,,,
31063,Warriors: Legends of Troy,Playstation 3,2655,"Item, Box, and Manual",Normal wear,,,0,1,2024-09-02,,,,
14084,Condemned 2 Bloodshot,Xbox 360,1825,"Item, Box, and Manual",Normal wear,,,0,1,2024-09-02,,,,
9305,Spiderman Maximum Carnage,Sega Genesis,2670,Item only,Normal wear,,,0,1,2024-09-03,,,,
14664,Naruto Clash of Ninja Revolution,Wii,990,"Item, Box, and Manual",Normal wear,,,0,1,2023-07-08,,,,
2456,Pokemon FireRed,GameBoy Advance,11997,Item only,Normal wear,,,0,1,2026-06-27,,,,
19591,Muramasa: The Demon Blade,Wii,3024,"Item, Box, and Manual",Normal wear,,,0,1,2023-07-08,,,,
6569,Shenmue II,Xbox,1287,"Item, Box, and Manual",Normal wear,,,0,1,2023-07-08,,,,
2371,Metroid Fusion,GameBoy Advance,4775,Item only,Normal wear,,,0,1,2026-06-27,,,,
11117,F.E.A.R.,Xbox 360,2176,"Item, Box, and Manual",Normal wear,,,0,1,2024-09-02,,,,
11486,Genji Dawn of the Samurai,Playstation 2,2998,"New Item, Box, and Manual",Normal wear,,,0,1,2023-07-07,,,,ps2
6312,Indigo Prophecy,Xbox,1375,"Item, Box, and Manual",Normal wear,,,0,1,2023-07-07,,,,
6907,Drakkhen,Super Nintendo,1296,Item only,Normal wear,,,0,1,2024-09-02,,,,
37697,Twisted Metal 4 [Greatest Hits],Playstation,2149,"Item, Box, and Manual",Normal wear,,,0,1,2023-07-08,,,,
3776,Glover,Nintendo 64,1600,Item only,Normal wear,,,0,1,2024-09-02,,,,
49841,Final Fantasy XII [Greatest Hits],Playstation 2,725,"Item, Box, and Manual",Normal wear,,,0,1,2023-07-07,,,,ps2
6626,Stolen,Xbox,793,"Item, Box, and Manual",Normal wear,,,0,1,2023-07-08,,,,
3835,Mortal Kombat 4,Nintendo 64,2794,Item only,Normal wear,,,0,1,2024-09-03,,,,
31478,Duke Nukem Forever,Xbox 360,625,"Item, Box, and Manual",Normal wear,,,0,1,2024-09-02,,,,
13077,The IREM Skins Game,Super Nintendo,1595,Item only,Normal wear,,,0,1,2024-09-02,,,,
36115,Yoshi's Woolly World,Wii U,1783,"Item, Box, and Manual",Normal wear,,,0,1,2026-06-27,,,,
5467,Midway Arcade Treasures 2,Playstation 2,1600,"Item, Box, and Manual",Normal wear,,,0,1,2023-07-07,,,,ps2
36974,Paper Mario Color Splash,Wii U,5495,"New Item, Box, and Manual",Normal wear,,,0,1,2026-06-27,,,,
58123,High Definition AV Pack,Xbox,5999,Item only,Normal wear,,,0,1,2023-07-07,,,,
3142,Zelda Oracle of Ages,GameBoy Color,5942,Item only,Normal wear,,,0,1,2023-10-15,,,,
33405,Ninja Gaiden 3: Razor's Edge,Wii U,904,"Item, Box, and Manual",Normal wear,,,0,1,2026-06-27,,,,
14582,NASCAR 99,Playstation,925,"Item, Box, and Manual",Normal wear,,,0,1,2023-07-08,,,,
5302,Gungrave,Playstation 2,5020,"Item, Box, and Manual",Normal wear,,,0,1,2023-07-07,,,,ps2
1935108,Mass Effect Legendary Edition,Xbox One,1200,"Item, Box, and Manual",Normal wear,,,0,1,2026-06-27,,,,
5192,Extermination,Playstation 2,1999,"Item, Box, and Manual",Normal wear,,,0,1,2023-07-07,,,,ps2
6382,Metal Arms Glitch in the System,Xbox,1899,"Item, Box, and Manual",Normal wear,,,0,1,2023-07-07,,,,
7510,Zelda Twilight Princess,Wii,2000,"Item, Box, and Manual",Normal wear,,,0,1,2023-07-08,,,,
35790,Batman: Arkham Knight,Playstation 4,1167,"Item, Box, and Manual",Normal wear,,,0,1,2026-06-27,,,,
6564,Serious Sam II,Xbox,1491,"Item, Box, and Manual",Normal wear,,,0,1,2023-07-08,,,,
10614,Crackdown,Xbox 360,851,"Item, Box, and Manual",Normal wear,,,0,1,2024-09-02,,,,
9731,Shenmue,Sega Dreamcast,4388,"Item, Box, and Manual",Normal wear,,,0,1,2023-07-08,,,,
34705,Thief,Playstation 4,1006,"Item, Box, and Manual",Normal wear,,,0,1,2026-06-27,,,,
33934,Walking Dead: Survival Instinct,Wii U,1536,"Item, Box, and Manual",Normal wear,,,0,1,2026-06-27,,,,
16396,New Play Control: Pikmin,Wii,2349,"Item, Box, and Manual",Normal wear,,,0,1,2023-07-08,,,,
35837,Rare Replay,Xbox One,984,"Item, Box, and Manual",Normal wear,,,0,1,2026-06-27,,,,
4860,Tony Hawk 2,Playstation,1685,"Item, Box, and Manual",Normal wear,,,0,1,2023-07-08,,,,
67923,Need for Speed Hot Pursuit 2 [Platinum Hits],Xbox,731,"Item, Box, and Manual",Normal wear,,,0,1,2023-07-08,,,,
10599,Fallout Brotherhood of Steel,Playstation 2,10019,"Item, Box, and Manual",Normal wear,,,0,1,2023-07-07,,,,ps2
3573,Star Wars Rogue Leader,Gamecube,2100,"Item, Box, and Manual",Normal wear,,,0,1,2023-07-08,,,,
33396,Nintendo Land,Wii U,961,"Item, Box, and Manual",Normal wear,,,0,1,2026-06-27,,,,
12021,Eternal Champions,Sega Genesis,759,Item only,Normal wear,,,0,1,2024-09-03,,,,
34913,Watch Dogs,Wii U,1295,"Item, Box, and Manual",Normal wear,,,0,1,2026-06-27,,,,
13395,Ishido: The Way of Stones,GameBoy,1324,Item only,Normal wear,,,0,1,2023-10-15,,,,
5824,Star Trek Encounters,Playstation 2,776,"Item, Box, and Manual",Normal wear,,,0,1,2023-07-07,,,,ps2
12879,Steel Harbinger,Playstation,1999,"Item, Box, and Manual",Normal wear,,,0,1,2023-07-08,,,,
31043,Killzone 3,Playstation 3,1007,"Item, Box, and Manual",Normal wear,,,0,1,2024-09-02,,,,
3274,Evolution Worlds,Gamecube,3299,"Item, Box, and Manual",Normal wear,,,0,1,2023-07-08,,,,
12842,Rogue Trip Vacation 2012,Playstation,1999,"Item, Box, and Manual",Normal wear,,,0,1,2023-07-08,,,,
10108,Vigilante 8 2nd Offense,Sega Dreamcast,2502,"Item, Box, and Manual",Normal wear,,,0,1,2023-07-08,,,,
33873,The Walking Dead: A Telltale Games Series,Playstation 3,950,"Item, Box, and Manual",Normal wear,,,0,1,2024-09-02,,,,
10185,World Series Baseball 2K2,Sega Dreamcast,996,"Item, Box, and Manual",Normal wear,,,0,1,2023-07-08,,,,
6370,Mat Hoffman's Pro BMX 2,Xbox,916,"Item, Box, and Manual",Normal wear,,,0,1,2023-07-07,,,,
6338,Legacy of Kain Defiance,Xbox,1135,"Item, Box, and Manual",Normal wear,,,0,1,2023-07-07,,,,
10120,Virtua Racing,Sega Genesis,3378,"Item, Box, and Manual",Normal wear,,,0,1,2024-09-03,,,,
14620,Disgaea 3: Absence of Justice,Playstation 3,1050,"Item, Box, and Manual",Normal wear,,,0,1,2024-09-02,,,,
11148,Rampage Total Destruction,Wii,1173,"Item, Box, and Manual",Normal wear,,,0,1,2023-07-08,,,,
4416,Excalibur 2555 AD,Playstation,2026,"Item, Box, and Manual",Normal wear,,,0,1,2023-07-08,,,,
35887,Until Dawn,Playstation 4,1081,"Item, Box, and Manual",Normal wear,,,0,1,2026-06-27,,,,
5619,Oni,Playstation 2,5600,"Item, Box, and Manual",Normal wear,,,0,1,2023-07-07,,,,ps2
3802,Jet Force Gemini,Nintendo 64,1509,Item only,Normal wear,,,0,1,2024-09-03,,,,
9578,Power Stone,Sega Dreamcast,7849,"Item, Box, and Manual",Normal wear,,,0,1,2023-07-08,,,,
67945,Star Wars Republic Commando [Platinum Hits],Xbox,1364,"Item, Box, and Manual",Normal wear,,,0,1,2023-07-08,,,,
6354,Mace Griffin Bounty Hunter,Xbox,941,"Item, Box, and Manual",Normal wear,,,0,1,2023-07-07,,,,
13899,Metal Gear Solid 4 Guns of the Patriots,Playstation 3,1228,"Item, Box, and Manual",Normal wear,,,0,1,2024-09-02,,,,
3702,Battletanx,Nintendo 64,2125,Item only,Normal wear,,,0,1,2024-09-03,,,,
36602,Uncharted 4 A Thief's End,Playstation 4,993,"Item, Box, and Manual",Normal wear,,,0,1,2026-06-27,,,,
6288,Halo: Combat Evolved,Xbox,1595,"Item, Box, and Manual",Normal wear,,,0,1,2023-07-07,,,,
37336,Mass Effect Andromeda,Playstation 4,934,"Item, Box, and Manual",Normal wear,,,0,1,2026-06-27,,,,
6976,Lagoon,Super Nintendo,1564,Item only,Normal wear,,,0,1,2024-09-02,,,,
13876,Hot Shots Golf Open Tee 2,PSP,797,"Item, Box, and Manual",Normal wear,,,0,1,2024-09-03,,,,
37680,Star Wars Episode I Jedi Power Battles [Greatest Hits],Playstation,1216,"Item, Box, and Manual",Normal wear,,,0,1,2023-07-08,,,,
3667,Zelda [Collector's Edition],Gamecube,7650,"Item, Box, and Manual",Normal wear,,,0,1,2023-07-08,,,,
3572,Star Wars Rebel Strike,Gamecube,1427,Item only,Normal wear,,,0,1,2023-07-08,,,,
10389,Moto GP 3,Xbox,649,"Item, Box, and Manual",Normal wear,,,0,1,2023-07-07,,,,
33231,Assassin's Creed III,Playstation 3,707,"Item, Box, and Manual",Normal wear,,,0,1,2024-09-02,,,,
5287,Grandia II,Playstation 2,2373,"Item, Box, and Manual",No blemishes,,,0,1,2023-07-07,,,,ps2
10122,Virtua Tennis,Sega Dreamcast,1475,"Item, Box, and Manual",Normal wear,,,0,1,2023-07-08,,,,
6291,Halo 2 Multiplayer Map Pack,Xbox,1082,"Item, Box, and Manual",Normal wear,,,0,1,2023-07-07,,,,
20120,Final Fantasy Crystal Chronicles: Crystal Bearers,Wii,1407,"Item, Box, and Manual",Normal wear,,,0,1,2023-07-08,,,,
6151,Conflict Desert Storm,Xbox,765,"Item, Box, and Manual",Normal wear,,,0,1,2023-07-07,,,,
66632,Shadow the Hedgehog [Player's Choice],Gamecube,6409,"Item, Box, and Manual",Normal wear,,,0,1,2023-07-08,,,,
6643,Tecmo Classic Arcade,Xbox,1038,"Item, Box, and Manual",Normal wear,,,0,1,2023-07-08,,,,
19409,Wii Sports Resort,Wii,3595,"Item, Box, and Manual",Normal wear,,,0,1,2023-07-08,,,,
22017,Halo: Reach,Xbox 360,1291,"Item, Box, and Manual",Normal wear,,,0,1,2024-09-02,,,,
16397,MadWorld,Wii,1528,"Item, Box, and Manual",Normal wear,,,0,1,2023-07-08,,,,
10534,F.E.A.R. Files,Xbox 360,3499,"Item, Box, and Manual",Normal wear,,,0,1,2024-09-02,,,,
21571,Sin and Punishment: Star Successor,Wii,3858,"Item, Box, and Manual",Normal wear,,,0,1,2023-07-08,,,,
6615,Star Wars Jedi Knight II: Jedi Outcast,Xbox,1640,"Item, Box, and Manual",Normal wear,,,0,1,2023-07-08,,,,
52022,Heavy Rain [Director's Cut],Playstation 3,970,"Item, Box, and Manual",Normal wear,,,0,1,2024-09-02,,,,
3954,Wave Race 64,Nintendo 64,1689,Item only,Normal wear,,,0,1,2024-09-03,,,,
53914,Playstation Classic Mini,Playstation,6750,"Item, Box, and Manual",Normal wear,,,0,1,2026-06-27,,,,
4596,Mortal Kombat Trilogy,Playstation,1779,Item only,Normal wear,,,0,1,2023-07-08,,,,
6621,Star Wars Episode III Revenge of the Sith,Xbox,1461,"Item, Box, and Manual",Normal wear,,,0,1,2023-07-08,,,,
36680,Tokyo Mirage Sessions #FE,Wii U,1499,"Item, Box, and Manual",Normal wear,,,0,1,2026-06-27,,,,
10574,WWE Smackdown vs. Raw 2008,Playstation 3,1967,"Item, Box, and Manual",Normal wear,,,0,1,2024-09-02,,,,
3308,Geist,Gamecube,4402,"Item, Box, and Manual",Normal wear,,,0,1,2023-07-08,,,,
12767,Mission Impossible,Playstation,1271,"Item, Box, and Manual",Normal wear,,,0,1,2023-07-08,,,,
5284,Grand Theft Auto Liberty City Stories,Playstation 2,2399,"Item, Box, and Manual",Normal wear,,,0,1,2023-07-07,,,,ps2
35958,Super Mario Maker,Wii U,956,"Item, Box, and Manual",Normal wear,,,0,1,2026-06-27,,,,
5894,The Guy Game,Playstation 2,25000,"Item, Box, and Manual",No blemishes,,,0,1,2023-07-07,,,,ps2
6964,Ken Griffey Jr Major League Baseball,Super Nintendo,7861,"Item, Box, and Manual",Normal wear,,,0,1,2024-09-02,,,,
8504,Alone In The Dark The New Nightmare,Sega Dreamcast,5400,"Item, Box, and Manual",Normal wear,,,0,1,2023-07-08,,,,
11191,WarioWare: Smooth Moves,Wii,2013,"Item, Box, and Manual",Normal wear,,,0,1,2023-07-08,,,,
3143,Zelda Oracle of Seasons,GameBoy Color,5999,Item only,Normal wear,,,0,1,2023-10-15,,,,
13200,ESWAT City Under Siege,Sega Genesis,3521,"Item, Box, and Manual",Normal wear,,,0,1,2024-09-03,,,,
8845,Dino Crisis,Sega Dreamcast,8806,"Item, Box, and Manual",Normal wear,,,0,1,2023-07-08,,,,
3771,Gameshark Pro 3.2,Nintendo 64,3000,Item only,Normal wear,,,0,1,2024-09-03,,,,
3364,Luigi's Mansion,Gamecube,5274,"Item, Box, and Manual",Normal wear,,,0,1,2023-07-08,,,,
34307,Beyond: Two Souls,Playstation 3,828,"Item, Box, and Manual",Normal wear,,,0,1,2024-09-02,,,,
3060,Super Mario Land 2,GameBoy,2000,Item only,Normal wear,,,0,1,2023-10-15,,,,
37644,Grand Theft Auto 2 [Greatest Hits],Playstation,1749,"Item, Box, and Manual",Normal wear,,,0,1,2023-07-08,,,,
16478,Broken Sword The Shadow of the Templars,Wii,730,"Item, Box, and Manual",Normal wear,,,0,1,2023-07-08,,,,
14261,Road Rash III,Sega Genesis,5603,"Item, Box, and Manual",Normal wear,,,0,1,2024-09-02,,,,
3616,Time Splitters 2,Gamecube,2274,"Item, Box, and Manual",Normal wear,,,0,1,2023-07-07,,,,
3806,Kirby 64: The Crystal Shards,Nintendo 64,4374,Item only,Normal wear,,,0,1,2024-09-02,,,,
3949,Vigilante 8 2nd Offense,Nintendo 64,4054,Item only,Normal wear,,,0,1,2024-09-02,,,,
3970,WWF No Mercy,Nintendo 64,2876,Item only,Normal wear,,,0,1,2024-09-02,,,,
11026,Sega Genesis Collection,Playstation 2,1099,"Item, Box, and Manual",Normal wear,,,0,1,2023-07-07,,,,ps2
8540,Atari Classics Evolved,PSP,1190,"Item, Box, and Manual",Normal wear,,,0,1,2024-09-03,,,,
10093,Unreal Tournament,Sega Dreamcast,2105,"Item, Box, and Manual",Normal wear,,,0,1,2023-07-08,,,,
7361,Justice League Heroes,Playstation 2,1396,"Item, Box, and Manual",Normal wear,,,0,1,2023-07-07,,,,ps2
32590,Mass Effect 3,Playstation 3,769,"Item, Box, and Manual",Normal wear,,,0,1,2024-09-02,,,,
20012,Left 4 Dead 2,Xbox 360,3999,"Item, Box, and Manual",Normal wear,,,0,1,2024-09-02,,,,
49891,Maximo Ghosts to Glory [Greatest Hits],Playstation 2,2025,"Item, Box, and Manual",No blemishes,,,0,1,2023-07-07,,,,ps2
5328,Hitman 2,Playstation 2,681,"Item, Box, and Manual",Normal wear,,,0,1,2023-07-07,,,,ps2
9096,Harvey Birdman Attorney at Law,PSP,1295,"Item, Box, and Manual",Normal wear,,,0,1,2024-09-03,,,,
6848,Art of Fighting,Super Nintendo,1148,Item only,Normal wear,,,0,1,2024-09-02,,,,
35398,Captain Toad: Treasure Tracker,Wii U,1139,"Item, Box, and Manual",Normal wear,,,0,1,2026-06-27,,,,
5246,Front Mission 4,Playstation 2,1220,"Item, Box, and Manual",Normal wear,,,0,1,2023-07-07,,,,ps2
34919,Mario Kart 8,Wii U,1347,"Item, Box, and Manual",Normal wear,,,0,1,2026-06-27,,,,
2549,Sonic Battle,GameBoy Advance,3900,Item only,Normal wear,,,0,1,2026-06-27,,,,
32745,Max Payne 3,Playstation 3,1294,"Item, Box, and Manual",Normal wear,,,0,1,2024-09-02,,,,
68627,Skate 3 [Platinum Hits],Xbox 360,934,"Item, Box, and Manual",Normal wear,,,0,1,2024-09-02,,,,
6513,Pirates of the Caribbean,Xbox,899,"Item, Box, and Manual",Normal wear,,,0,1,2023-07-08,,,,
10611,Chromehounds,Xbox 360,999,"Item, Box, and Manual",Normal wear,,,0,1,2024-09-02,,,,
65142,Crysis 2 [Platinum Hits],Xbox 360,489,"Item, Box, and Manual",Normal wear,,,0,1,2024-09-02,,,,
12940,Wild 9,Playstation,1985,"Item, Box, and Manual",Normal wear,,,0,1,2023-07-08,,,,
7442,Skate,Playstation 3,1459,"Item, Box, and Manual",Normal wear,,,0,1,2024-09-02,,,,
6670,The Thing,Xbox,1973,"Item, Box, and Manual",Normal wear,,,0,1,2023-07-08,,,,
37130,Nintendo NES Classic Edition,NES,9680,"Item, Box, and Manual",Normal wear,,,0,1,2026-06-27,,,,
4343,Critical Depth,Playstation,1149,"Item, Box, and Manual",Normal wear,,,0,1,2023-07-08,,,,
66682,Zelda Wind Waker [Player's Choice],Gamecube,7034,Item only,No blemishes,,,0,1,2024-01-11,,,,
3507,Resident Evil 3 Nemesis,Gamecube,16550,"Item, Box, and Manual",Normal wear,,,0,1,2023-07-08,,,,
5849,Suikoden 3,Playstation 2,3049,"Item, Box, and Manual",Normal wear,,,0,1,2023-07-07,,,,ps2
31691,Resistance 3,Playstation 3,1495,"Item, Box, and Manual",Normal wear,,,0,1,2024-09-02,,,,
4884,Vigilante 8,Playstation,2087,"Item, Box, and Manual",Normal wear,,,0,1,2023-07-08,,,,
20122,Divinity II: Ego Draconis,Xbox 360,1237,"Item, Box, and Manual",Normal wear,,,0,1,2024-09-02,,,,
30874,Two Worlds II,Xbox 360,1001,"Item, Box, and Manual",Normal wear,,,0,1,2024-09-02,,,,
3574,Star Fox Adventures,Gamecube,5698,"Item, Box, and Manual",Normal wear,,,0,1,2023-07-08,,,,
7359,Jurassic Park,Super Nintendo,1233,Item only,Normal wear,,,0,1,2024-09-02,,,,
19265,Virtua Tennis 2009,Xbox 360,841,"Item, Box, and Manual",Normal wear,,,0,1,2024-09-02,,,,
4635,Oddworld Abe's Oddysee,Playstation,1984,"Item, Box, and Manual",Normal wear,,,0,1,2023-07-08,,,,
49702,Andretti Racing [Greatest Hits],Playstation,899,"Item, Box, and Manual",Normal wear,,,0,1,2023-07-08,,,,
25435,L.A. Noire [Greatest Hits],Playstation 3,700,"Item, Box, and Manual",Normal wear,,,0,1,2024-09-02,,,,
11637,Syberia II,Xbox,1648,"Item, Box, and Manual",Normal wear,,,0,1,2023-07-08,,,,
6700,True Crime Streets of LA,Xbox,1028,"Item, Box, and Manual",Normal wear,,,0,1,2023-07-08,,,,
117323,South Park: The Stick of Truth [Greatest Hits],Playstation 3,681,"Item, Box, and Manual",Normal wear,,,0,1,2024-09-02,,,,
4573,Metal Gear Solid VR Missions,Playstation,2499,"Item, Box, and Manual",Normal wear,,,0,1,2023-07-08,,,,
11162,MLB SlugFest Loaded,Xbox,1652,"Item, Box, and Manual",Normal wear,,,0,1,2023-07-07,,,,
52105,Tekken 6 [Greatest Hits],Playstation 3,1102,"Item, Box, and Manual",Normal wear,,,0,1,2024-09-02,,,,
5305,Half-Life,Playstation 2,7512,"Item, Box, and Manual",Normal wear,,,0,1,2023-07-07,,,,ps2
32792,Batman: Arkham City [Game of the Year],Xbox 360,672,"Item, Box, and Manual",Normal wear,,,0,1,2024-09-02,,,,
2166,F-14 Tomcat,GameBoy Advance,699,Item only,Normal wear,,,0,1,2026-06-27,,,,
3948,Vigilante 8,Nintendo 64,2924,Item only,Normal wear,,,0,1,2023-07-08,,,,
3487559,Dead or Alive 1 Ultimate,Xbox,932,"Item, Box, and Manual",Normal wear,,,0,1,2023-07-07,,,,
12029,Shinobi III Return of the Ninja Master,Sega Genesis,3306,Item only,Normal wear,,,0,1,2024-09-03,,,,
7281,Brunswick Pro Bowling,Wii,834,"Item, Box, and Manual",Normal wear,,,0,1,2023-07-08,,,,
5694,Ridge Racer V,Playstation 2,1779,"Item, Box, and Manual",Normal wear,,,0,1,2023-07-07,,,,ps2
10669,Splinter Cell Double Agent,Xbox 360,1138,"Item, Box, and Manual",Normal wear,,,0,1,2024-09-02,,,,
37681,Star Wars Phantom Menace [Greatest Hits],Playstation,1167,"Item, Box, and Manual",Normal wear,,,0,1,2023-07-08,,,,
38412,Air Combat [Long Box],Playstation,3097,"Item, Box, and Manual",Normal wear,,,0,1,2023-07-08,,,,
21508,Syphon Filter Logan's Shadow,Playstation 2,1948,"Item, Box, and Manual",Normal wear,,,0,1,2023-07-07,,,,ps2
14592,Sammy Sosa High Heat Baseball 2001,Playstation,771,"Item, Box, and Manual",Normal wear,,,0,1,2024-09-02,,,,
33386,Playstation All-Stars Battle Royale,Playstation 3,1170,"Item, Box, and Manual",Normal wear,,,0,1,2024-09-02,,,,
3370084,Marvel Spiderman: Miles Morales,Playstation 5,1245,"Item, Box, and Manual",Normal wear,,,0,1,2026-06-27,,,,
50037,Tony Hawk 3 [Greatest Hits],Playstation 2,1193,"Item, Box, and Manual",Normal wear,,,0,1,2023-07-07,,,,ps2
5416,Lord of the Rings Two Towers,Playstation 2,1665,"Item, Box, and Manual",Normal wear,,,0,1,2023-07-07,,,,ps2
6742,X-men Legends,Xbox,1150,"Item, Box, and Manual",Normal wear,,,0,1,2023-07-08,,,,
5460,Metal Gear Solid 3 Subsistence,Playstation 2,3886,"Item, Box, and Manual",Stickers,,,0,1,2023-07-07,,,,ps2
3113,Vigilante 8,GameBoy Color,1811,Item only,Normal wear,,,0,1,2023-07-08,,,,
19509,Fallout 3 Add-on The Pitt and Operation: Anchorage,Xbox 360,1145,"Item, Box, and Manual",Normal wear,,,0,1,2024-09-02,,,,
6928,Final Fight,Super Nintendo,1848,Item only,Normal wear,,,0,1,2024-09-02,,,,
9438,NBA Showdown 94,Sega Genesis,407,Item only,Normal wear,,,0,1,2024-09-03,,,,
33854,Metal Gear Rising: Revengeance,Playstation 3,1459,"Item, Box, and Manual",Normal wear,,,0,1,2024-09-02,,,,
6138,Clone Wars Tetris Worlds Combo Pack,Xbox,381,"Item, Box, and Manual",Normal wear,,,0,1,2023-07-08,,,,
35686,Namco Museum Megamix,Wii,999,"Item, Box, and Manual",Normal wear,,,0,1,2023-07-08,,,,
32665,Resident Evil: Operation Raccoon City,Xbox 360,999,"Item, Box, and Manual",Normal wear,,,0,1,2024-09-02,,,,
3620,Tony Hawk 3,Gamecube,1300,"Item, Box, and Manual",Normal wear,,,0,1,2023-07-07,,,,ps2
5466,Midway Arcade Treasures,Playstation 2,1097,"Item, Box, and Manual",Normal wear,,,0,1,2023-07-07,,,,ps2
5985,Warriors of Might and Magic,Playstation 2,980,"Item, Box, and Manual",Normal wear,,,0,1,2023-07-07,,,,ps2
6289,Halo 2,Xbox,1425,"Item, Box, and Manual",Normal wear,,,0,1,2023-07-07,,,,
11764,King of Fighters 2006,Playstation 2,1800,"Item, Box, and Manual",Normal wear,,,0,1,2023-07-07,,,,ps2
11894,Lost Via Domus,Xbox 360,1340,"Item, Box, and Manual",Normal wear,,,0,1,2024-09-02,,,,
6200,Driver 3,Xbox,1049,"Item, Box, and Manual",Normal wear,,,0,1,2023-07-07,,,,
3794,Hybrid Heaven,Nintendo 64,2992,Item only,Normal wear,,,0,1,2024-09-02,,,,
19731,Midnight Club Los Angeles [Complete Edition],Playstation 3,1779,"Item, Box, and Manual",Normal wear,,,0,1,2024-09-02,,,,
14854,PGA Tour 98,Playstation,799,"Item, Box, and Manual",Normal wear,,,0,1,2023-07-08,,,,
5866,Syphon Filter Omega Strain,Playstation 2,927,"Item, Box, and Manual",Normal wear,,,0,1,2023-07-07,,,,ps2
7103,Spiderman X-Men Arcade's Revenge,Super Nintendo,1119,Item only,Normal wear,,,0,1,2024-09-02,,,,
10787,Looney Tunes Acme Arsenal,Wii,809,"Item, Box, and Manual",Normal wear,,,0,1,2023-07-08,,,,
5118,Destroy All Humans,Playstation 2,991,"Item, Box, and Manual",Scratches,,,0,1,2023-07-07,,,,ps2
21252,Super Street Fighter IV,Xbox 360,1084,"Item, Box, and Manual",Normal wear,,,0,1,2024-09-02,,,,
30269,Vanquish,Playstation 3,1577,"Item, Box, and Manual",Normal wear,,,0,1,2024-09-02,,,,
3669,Zelda Ocarina of Time Master Quest,Gamecube,7999,"Item, Box, and Manual",Normal wear,,,0,1,2023-07-08,,,,
30334,Kirby's Epic Yarn,Wii,1963,"Item, Box, and Manual",Normal wear,,,0,1,2023-07-08,,,,
4776,Star Wars Demolition,Playstation,1404,"Item, Box, and Manual",Normal wear,,,0,1,2023-07-08,,,,
4193,007 Racing,Playstation,1299,"Item, Box, and Manual",Normal wear,,,0,1,2023-07-08,,,,
35450,Bayonetta 2,Wii U,1893,"Item, Box, and Manual",Normal wear,,,0,1,2026-06-27,,,,
6927,Final Fantasy Mystic Quest,Super Nintendo,1999,Item only,Normal wear,,,0,1,2024-09-02,,,,
67936,Silent Hill 2 [Platinum Hits],Xbox,5984,"Item, Box, and Manual",Normal wear,,,0,1,2023-07-07,,,,
5697,Risk Global Domination,Playstation 2,923,"Item, Box, and Manual",Normal wear,,,0,1,2023-07-07,,,,ps2
2546,Sonic Advance,GameBoy Advance,1999,Item only,Normal wear,,,0,1,2026-06-27,,,,
9502,Omikron The Nomad Soul,Sega Dreamcast,4845,"Item, Box, and Manual",Normal wear,,,0,1,2023-07-08,,,,
8890,EA Replay,PSP,1299,"Item, Box, and Manual",Normal wear,,,0,1,2024-09-03,,,,
15945,WWE Smackdown vs. Raw 2009,Playstation 3,1449,"Item, Box, and Manual",Normal wear,,,0,1,2024-09-02,,,,
5053,Capcom vs SNK 2,Playstation 2,2999,"Item, Box, and Manual",No blemishes,,,0,1,2023-07-07,,,,ps2
15034,Silent Hill Homecoming,Playstation 3,1633,"Item, Box, and Manual",Normal wear,,,0,1,2024-09-02,,,,
12709,Darklight Conflict,Playstation,1104,"Item, Box, and Manual",Normal wear,,,0,1,2023-07-08,,,,
65263,Saints Row 2 [Platinum Hits],Xbox 360,1199,"Item, Box, and Manual",Normal wear,,,0,1,2024-09-02,,,,
14143,Pac-Man vs & Pac-Man World 2,Gamecube,1997,"Item, Box, and Manual",Normal wear,,,0,1,2023-07-08,,,,
3703,Battletanx Global Assault,Nintendo 64,2995,Item only,Normal wear,,,0,1,2024-09-03,,,,
10223,X-Men,Sega Genesis,1220,Item only,Normal wear,,,0,1,2024-09-03,,,,
1004788,Resident Evil Village,Xbox Series X,1834,"Item, Box, and Manual",Normal wear,,,0,1,2026-06-27,,,,
31656,Deus Ex: Human Revolution,Playstation 3,549,"Item, Box, and Manual",Normal wear,,,0,1,2024-09-02,,,,
32498,Twisted Metal,Playstation 3,1766,"Item, Box, and Manual",Normal wear,,,0,1,2024-09-02,,,,
3775,Gex 64,Nintendo 64,1750,Item only,Normal wear,,,0,1,2024-09-03,,,,
64008,MediEvil,Playstation 4,1687,"Item, Box, and Manual",Normal wear,,,0,1,2026-06-27,,,,
4217,Area 51,Playstation,1599,"Item, Box, and Manual",Normal wear,,,0,1,2023-07-08,,,,
11938,Twisted Metal Head On,Playstation 2,2736,"Item, Box, and Manual",Normal wear,,,0,1,2023-07-07,,,,ps2
9625,Ranger X,Sega Genesis,8723,"Item, Box, and Manual",Normal wear,,,0,1,2023-07-22,,,,
6068,Arena Football,Xbox,773,"Item, Box, and Manual",Normal wear,,,0,1,2023-07-07,,,,
20431,Data East Arcade Classics,Wii,7324,"New Item, Box, and Manual",Normal wear,,,0,1,2023-07-08,,,,
63236,Sonic Adventure [Sega All Stars],Sega Dreamcast,5998,"Item, Box, and Manual",Normal wear,,,0,1,2023-07-08,,,,
5682,Red Faction,Playstation 2,988,"Item, Box, and Manual",Normal wear,,,0,1,2023-07-07,,,,ps2
4379,Dino Crisis 2,Playstation,13997,"Item, Box, and Manual",Normal wear,,,0,1,2023-07-08,,,,
8822,Dead Head Fred,PSP,3963,"Item, Box, and Manual",Normal wear,,,0,1,2024-09-03,,,,
13874,Grid,Playstation 3,1044,"Item, Box, and Manual",Normal wear,,,0,1,2024-09-02,,,,
6729,Wreckless Yakuza Missions,Xbox,907,"Item, Box, and Manual",Normal wear,,,0,1,2023-07-08,,,,
4246452,No Man's Sky,Playstation 5,2099,"Item, Box, and Manual",Normal wear,,,0,1,2026-06-27,,,,
12694,Contender 2,Playstation,643,"Item, Box, and Manual",Normal wear,,,0,1,2023-07-08,,,,
19511,Cursed Mountain,Wii,1799,"Item, Box, and Manual",Normal wear,,,0,1,2023-07-08,,,,
14360,Fatal Fury Battle Archives Volume 1,Playstation 2,1510,"Item, Box, and Manual",No blemishes,,,0,1,2023-07-07,,,,ps2
33834,Aliens Colonial Marines,Playstation 3,1000,"Item, Box, and Manual",Normal wear,,,0,1,2024-09-02,,,,
6713,Van Helsing,Xbox,1299,"Item, Box, and Manual",Normal wear,,,0,1,2023-07-08,,,,
6560,Sega GT 2002 & JSRF,Xbox,1497,"Item, Box, and Manual",Normal wear,,,0,1,2023-07-08,,,,
5372,Katamari Damacy,Playstation 2,1990,"Item, Box, and Manual",Normal wear,,,0,1,2023-07-07,,,,ps2
5832,Star Wars Racer Revenge,Playstation 2,1400,"Item, Box, and Manual",Normal wear,,,0,1,2023-07-07,,,,ps2
52101,Star Wars The Force Unleashed [Greatest Hits],Playstation 3,1099,"Item, Box, and Manual",Normal wear,,,0,1,2024-09-02,,,,
2983,Pokemon Pinball,GameBoy Color,2605,Item only,Normal wear,,,0,1,2023-10-15,,,,
68694,Left 4 Dead [Game of the Year Platinum Hits],Xbox 360,2411,"Item, Box, and Manual",Normal wear,,,0,1,2024-09-02,,,,
5105,Dark Cloud 2,Playstation 2,3850,"Item, Box, and Manual",No blemishes,,,0,1,2023-07-07,,,,ps2
6143,Colin McRae Rally 04,Xbox,1155,"Item, Box, and Manual",Normal wear,,,0,1,2023-07-07,,,,
3958,WCW vs NWO Revenge,Nintendo 64,955,Item only,Normal wear,,,0,1,2024-09-02,,,,
6098,Blood Omen 2,Xbox,1355,"Item, Box, and Manual",Normal wear,,,0,1,2023-07-07,,,,
155160,Tony Hawk's Pro Skater 1 and 2,Xbox One,994,"Item, Box, and Manual",Normal wear,,,0,1,2026-06-27,,,,
8489,AirForce Delta,Sega Dreamcast,1593,"Item, Box, and Manual",Normal wear,,,0,1,2023-07-08,,,,
34615,Super Mario 3D World,Wii U,1217,"Item, Box, and Manual",Normal wear,,,0,1,2026-06-27,,,,
9211,Kingdom of Paradise,PSP,600,"Item, Box, and Manual",Normal wear,,,0,1,2024-09-03,,,,
10019,Time Stalkers,Sega Dreamcast,3332,"Item, Box, and Manual",Normal wear,,,0,1,2023-07-08,,,,
6242,Fight Club,Xbox,1184,"Item, Box, and Manual",Normal wear,,,0,1,2023-07-07,,,,
30875,Lord of Arcana,PSP,1174,"New Item, Box, and Manual",Normal wear,,,0,1,2024-09-03,,,,
6182,Deathrow,Xbox,2974,"Item, Box, and Manual",Normal wear,,,0,1,2023-07-07,,,,
5996,Winback Covert Operations,Playstation 2,1562,"Item, Box, and Manual",Normal wear,,,0,1,2023-07-07,,,,ps2
32162,GoldenEye 007: Reloaded,Playstation 3,2192,"Item, Box, and Manual",Normal wear,,,0,1,2024-09-02,,,,
6104,Broken Sword The Sleeping Dragon,Xbox,810,"Item, Box, and Manual",Normal wear,,,0,1,2023-07-07,,,,
7078,Scooby Doo Mystery,Super Nintendo,1100,Item only,Normal wear,,,0,1,2024-09-02,,,,
36428,Mighty No. 9,Wii U,973,"Item, Box, and Manual",Normal wear,,,0,1,2026-06-27,,,,
3587,Super Smash Bros. Melee,Gamecube,6679,"Item, Box, and Manual",Normal wear,,,0,1,2023-07-08,,,,
50006,The Incredible Hulk Ultimate Destruction [Greatest Hits],Playstation 2,3247,"Item, Box, and Manual",Normal wear,,,0,1,2023-07-07,,,,ps2
5468,Midway Arcade Treasures 3,Playstation 2,1554,"Item, Box, and Manual",Normal wear,,,0,1,2023-07-07,,,,ps2
7360,Jurassic Park Part 2: The Chaos Continues,Super Nintendo,1586,Item only,Normal wear,,,0,1,2024-09-02,,,,
13279,Street Fighter Alpha Anthology,Playstation 2,1500,"Item, Box, and Manual",Normal wear,,,0,1,2023-07-07,,,,ps2
5686,Resident Evil 4,Playstation 2,2275,"Item, Box, and Manual",Normal wear,,,0,1,2023-07-07,,,,ps2
5695,Ring of Red,Playstation 2,3633,"Item, Box, and Manual",Normal wear,,,0,1,2023-07-07,,,,ps2
32802,Devil May Cry HD Collection,Playstation 3,1450,"Item, Box, and Manual",Normal wear,,,0,1,2024-09-02,,,,
13104,Evolution the World of Sacred Device,Sega Dreamcast,2995,"Item, Box, and Manual",Normal wear,,,0,1,2023-07-08,,,,
6438,NBA Jam,Xbox,1471,"Item, Box, and Manual",Normal wear,,,0,1,2023-07-07,,,,
3918,Star Fox 64,Nintendo 64,3485,Item only,Normal wear,,,0,1,2024-09-03,,,,
9827,Splinter Cell Essentials,PSP,1299,"Item, Box, and Manual",Normal wear,,,0,1,2024-09-03,,,,
6612,Star Wars Battlefront 2,Xbox,1499,"Item, Box, and Manual",Normal wear,,,0,1,2023-07-08,,,,
52674,Red Dead Redemption 2,Xbox One,1372,"Item, Box, and Manual",Normal wear,,,0,1,2026-06-27,,,,
2996192,Fallout: New Vegas [Ultimate Edition Platinum Hits],Xbox 360,3062,"Item, Box, and Manual",Normal wear,,,0,1,2024-09-02,,,,
38432,Destruction Derby [Long Box],Playstation,1988,"Item, Box, and Manual",Normal wear,,,0,1,2023-07-08,,,,
70223,Resident Evil 3,Playstation 4,1499,"Item, Box, and Manual",Normal wear,,,0,1,2026-06-27,,,,
52060,Grand Theft Auto: Episodes from Liberty City [Greatest Hits],Playstation 3,1043,"Item, Box, and Manual",Normal wear,,,0,1,2024-09-02,,,,
8741,Coach K College Basketball,Sega Genesis,1275,Item only,Normal wear,,,0,1,2024-09-03,,,,
67946,Star Wars Starfighter Special Edition [Platinum Hits],Xbox,1042,"Item, Box, and Manual",Normal wear,,,0,1,2023-07-08,,,,
34314,Dishonored [Game of the Year Edition],Xbox 360,1075,"Item, Box, and Manual",Normal wear,,,0,1,2024-09-02,,,,
9328,Metal Gear Solid Portable Ops,PSP,2744,"Item, Box, and Manual",Normal wear,,,0,1,2024-09-03,,,,
33395,ZombiU,Wii U,868,"Item, Box, and Manual",Normal wear,,,0,1,2026-06-27,,,,
16221,Skate 2,Xbox 360,3250,"Item, Box, and Manual",Normal wear,,,0,1,2024-09-02,,,,
5649,Prince of Persia Sands of Time,Playstation 2,1000,"Item, Box, and Manual",Normal wear,,,0,1,2023-07-07,,,,ps2
12723,Eternal Eyes,Playstation,1875,"Item, Box, and Manual",Normal wear,,,0,1,2023-07-08,,,,
21311,Alan Wake,Xbox 360,1246,"Item, Box, and Manual",Normal wear,,,0,1,2024-09-02,,,,
6901,Donkey Kong Country 2,Super Nintendo,2249,Item only,Normal wear,,,0,1,2024-09-02,,,,
35337,Dragon Age: Inquisition [Deluxe Edition],Playstation 3,877,"Item, Box, and Manual",Normal wear,,,0,1,2024-09-02,,,,
34458,Batman: Arkham Origins,Playstation 3,1252,"Item, Box, and Manual",Normal wear,,,0,1,2024-09-02,,,,
11378,Arx Fatalis,Xbox,5800,"Item, Box, and Manual",Normal wear,,,0,1,2023-07-07,,,,
9508,Orange Box,Xbox 360,2999,"Item, Box, and Manual",Normal wear,,,0,1,2024-09-02,,,,
35644,Borderlands: The Handsome Collection,Xbox One,712,"Item, Box, and Manual",Normal wear,,,0,1,2026-06-27,,,,
5764,The Simpsons Hit and Run,Playstation 2,6950,"Item, Box, and Manual",Normal wear,,,0,1,2023-07-07,,,,ps2
5450,Mega Man X Collection,Playstation 2,1441,"Item, Box, and Manual",Normal wear,,,0,1,2023-07-07,,,,ps2
4436,Final Fantasy VIII,Playstation,2266,"Item, Box, and Manual",Normal wear,,,0,1,2023-07-08,,,,
6075,Azurik Rise of Perathia,Xbox,1252,"Item, Box, and Manual",Normal wear,,,0,1,2023-07-07,,,,
4769,Spyro the Dragon,Playstation,2318,"Item, Box, and Manual",Normal wear,,,0,1,2023-07-08,,,,
22072,Front Mission Evolved,Xbox 360,1110,"Item, Box, and Manual",Normal wear,,,0,1,2024-09-02,,,,
5885,Test Drive,Playstation 2,756,"Item, Box, and Manual",Normal wear,,,0,1,2023-07-07,,,,ps2
7460,Super Gameboy,Super Nintendo,2905,Item only,Normal wear,,,0,1,2024-09-03,,,,
6085,Beat Down Fists of Vengeance,Xbox,1690,"Item, Box, and Manual",Normal wear,,,0,1,2023-07-07,,,,
6686,Tony Hawk 2x,Xbox,1500,"Item, Box, and Manual",Normal wear,,,0,1,2023-07-07,,,,
34612,Worms Revolution Collection,Playstation 3,2499,"Item, Box, and Manual",Normal wear,,,0,1,2024-09-02,,,,
14565,Too Human,Xbox 360,732,"Item, Box, and Manual",Normal wear,,,0,1,2024-09-02,,,,
5987,Way of the Samurai,Playstation 2,2750,"Item, Box, and Manual",No blemishes,,,0,1,2023-07-07,,,,ps2
9022,6-Pak,Sega Genesis,1263,Item only,Normal wear,,,0,1,2024-09-03,,,,
6286,Gunvalkyrie,Xbox,2999,"Item, Box, and Manual",Normal wear,,,0,1,2023-07-07,,,,
16274,F.E.A.R. 2 Project Origin,Xbox 360,1379,"Item, Box, and Manual",Normal wear,,,0,1,2024-09-02,,,,
7346,Heavenly Sword,Playstation 3,1556,"Item, Box, and Manual",Normal wear,,,0,1,2024-09-02,,,,
7315,Duke Nukem Land of the Babes,Playstation,2285,Item only,Normal wear,,,0,1,2023-07-08,,,,
5898,The Incredible Hulk Ultimate Destruction,Playstation 2,3877,"Item, Box, and Manual",Normal wear,,,0,1,2023-07-07,,,,ps2
5081,Contra Shattered Soldier,Playstation 2,2106,"Item, Box, and Manual",No blemishes,,,0,1,2023-07-07,,,,ps2
6594,Splinter Cell,Xbox,748,"Item, Box, and Manual",Normal wear,,,0,1,2023-07-08,,,,
22162,Medal of Honor,Playstation 3,970,"Item, Box, and Manual",Normal wear,,,0,1,2024-09-02,,,,
11865,Super Smash Bros. Brawl,Wii,3998,"Item, Box, and Manual",Normal wear,,,0,2,2023-07-08,,,,
6026,Xenosaga 2,Playstation 2,4250,"Item, Box, and Manual",Normal wear,,,0,1,2023-07-07,,,,ps2
67964,Ghost Recon Island Thunder [Platinum Hits],Xbox,557,"Item, Box, and Manual",Normal wear,,,0,1,2023-07-07,,,,
5185,Eternal Ring,Playstation 2,2143,"Item, Box, and Manual",Normal wear,,,0,1,2023-07-07,,,,ps2
45082,Star Fox Zero & Star Fox Guard Bundle,Wii U,2997,"Item, Box, and Manual",Normal wear,,,0,1,2026-06-27,,,,
6699,True Crime New York City,Xbox,1073,"Item, Box, and Manual",Normal wear,,,0,1,2023-07-08,,,,
3471,Phantasy Star Online III Card Revolution,Gamecube,4750,"Item, Box, and Manual",Normal wear,,,0,1,2023-07-08,,,,
6308,Hunter the Reckoning Redeemer,Xbox,1780,"Item, Box, and Manual",Normal wear,,,0,1,2023-07-07,,,,
2073,Crash Bandicoot 2 N-tranced,GameBoy Advance,1058,Item only,Torn label,,,0,1,2023-10-15,,,,
71771,Tekken Hybrid [Limited Edition],Playstation 3,5872,"Item, Box, and Manual",Normal wear,,,0,1,2024-09-02,,,,
6025,Xenosaga,Playstation 2,3150,"Item, Box, and Manual",Normal wear,,,0,1,2023-07-07,,,,ps2
19736,Uncharted 2: Among Thieves,Playstation 3,813,"Item, Box, and Manual",Normal wear,,,0,1,2024-09-02,,,,
4896,Warzone 2100,Playstation,1499,"Item, Box, and Manual",Normal wear,,,0,1,2023-07-08,,,,
9266,Madden 97,Sega Genesis,486,Item only,Normal wear,,,0,1,2024-09-03,,,,
11930,Patapon,PSP,1341,"Item, Box, and Manual",Normal wear,,,0,1,2024-09-03,,,,
2727,Zelda Link to the Past,GameBoy Advance,2599,Item only,Normal wear,,,0,1,2026-06-27,,,,
5281,Gran Turismo 4,Playstation 2,1380,"Item, Box, and Manual",Normal wear,,,0,1,2023-07-07,,,,ps2
5140,Dragon Ball Z Budokai,Playstation 2,1499,"Item, Box, and Manual",No blemishes,,,0,1,2023-07-07,,,,ps2
31464,Infamous 2,Playstation 3,1000,"Item, Box, and Manual",Normal wear,,,0,1,2024-09-02,,,,
33941,BioShock Infinite,Playstation 3,573,"Item, Box, and Manual",Normal wear,,,0,1,2024-09-02,,,,
3406,MLB Slugfest 2003,Gamecube,2188,"Item, Box, and Manual",Normal wear,,,0,1,2023-07-08,,,,
6273,GoldenEye Rogue Agent,Xbox,850,"Item, Box, and Manual",Normal wear,,,0,1,2023-07-07,,,,
36521,Quantum Break,Xbox One,1160,"Item, Box, and Manual",Normal wear,,,0,1,2026-06-27,,,,
6521,Project Gotham Racing,Xbox,897,"Item, Box, and Manual",Normal wear,,,0,1,2023-07-08,,,,
14293,Elder Scrolls IV Oblivion [Game of the Year],Xbox 360,1097,"Item, Box, and Manual",Normal wear,,,0,1,2024-09-02,,,,
4283,Broken Sword 2,Playstation,1849,"Item, Box, and Manual",Normal wear,,,0,1,2023-07-07,,,,PlayStation
3884,Rayman 2 The Great Escape,Nintendo 64,2940,Item only,Normal wear,,,0,1,2024-09-03,,,,
12846,Rush Down,Playstation,779,"Item, Box, and Manual",Normal wear,,,0,1,2023-07-08,,,,
52112,Uncharted Drake's Fortune [Greatest Hits],Playstation 3,645,"Item, Box, and Manual",Normal wear,,,0,1,2024-09-02,,,,
6611,Star Wars Battlefront,Xbox,1084,"Item, Box, and Manual",Normal wear,,,0,1,2023-07-08,,,,
10788,Mario Party 8,Wii,2822,"Item, Box, and Manual",Normal wear,,,0,1,2023-07-08,,,,
6282,Guilty Gear X2 Reload,Xbox,1173,"Item, Box, and Manual",Normal wear,,,0,1,2023-07-07,,,,
37668,Silent Hill [Greatest Hits],Playstation,18175,"Item, Box, and Manual",Normal wear,,,0,1,2023-07-08,,,,
11043,Capcom Classics Collection Volume 2,Playstation 2,1613,"Item, Box, and Manual",Torn label,,,0,1,2023-07-07,,,,ps2
19965,Harvest Moon: Animal Parade,Wii,2949,"Item, Box, and Manual",Normal wear,,,0,1,2023-07-08,,,,
40357,Rugrats in Paris [Gray Cart],Nintendo 64,1200,Item only,Normal wear,,,0,1,2024-09-03,,,,
17643,The Godfather II,Xbox 360,1869,"Item, Box, and Manual",Normal wear,,,0,1,2024-09-02,,,,
9667,Road Rash II,Sega Genesis,1153,Item only,Normal wear,,,0,1,2024-09-03,,,,
35561,The Order: 1886,Playstation 4,1279,"Item, Box, and Manual",Normal wear,,,0,1,2026-06-27,,,,
1549149,Control [Ultimate Edition],Xbox Series X,1999,"Item, Box, and Manual",Normal wear,,,0,1,2026-06-27,,,,
7323,Excite Truck,Wii,1105,"Item, Box, and Manual",Normal wear,,,0,1,2023-07-08,,,,
31910,Silent Hill HD Collection,Playstation 3,2318,"Item, Box, and Manual",Normal wear,,,0,1,2024-09-02,,,,
6684,Tom Clancy's Classic Trilogy,Xbox,937,"Item, Box, and Manual",Normal wear,,,0,1,2023-07-08,,,,
10868,Mass Effect,Xbox 360,875,"Item, Box, and Manual",Normal wear,,,0,1,2024-09-02,,,,
3653,WWE Crush Hour,Gamecube,2499,"Item, Box, and Manual",Normal wear,,,0,1,2023-07-08,,,,
72400,Sonic Adventure DX [Players Choice],Gamecube,3999,"Item, Box, and Manual",Normal wear,,,0,1,2023-07-08,,,,
6372,Max Payne 2 Fall of Max Payne,Xbox,1697,"Item, Box, and Manual",Normal wear,,,0,1,2023-07-07,,,,
5275,Godzilla Save the Earth,Playstation 2,6257,"Item, Box, and Manual",Normal wear,,,0,1,2023-07-07,,,,ps2
6614,Star Wars Jedi Knight Jedi Academy,Xbox,1443,"Item, Box, and Manual",Normal wear,,,0,1,2023-07-08,,,,
6566,Shadow the Hedgehog,Xbox,4999,"Item, Box, and Manual",Normal wear,,,0,1,2023-07-08,,,,
6586,Soul Calibur II,Xbox,1181,"Item, Box, and Manual",Normal wear,,,0,1,2023-07-08,,,,
12635,Golden Nugget,Playstation,599,"Item, Box, and Manual",Normal wear,,,0,1,2023-07-08,,,,
13819,Bulls Vs Blazers and the NBA Playoffs,Super Nintendo,1849,"Item, Box, and Manual",Normal wear,,,0,1,2024-09-02,,,,
3511,Resident Evil Zero,Gamecube,2679,"Item, Box, and Manual",Normal wear,,,0,1,2023-07-08,,,,
8591,Beautiful Katamari,Xbox 360,1699,"Item, Box, and Manual",Normal wear,,,0,1,2024-09-02,,,,
6221,007 Everything or Nothing,Xbox,1149,"Item, Box, and Manual",Normal wear,,,0,1,2023-07-07,,,,
54000,Sonic the Hedgehog 2 [Not for Resale],Sega Genesis,881,Item only,Normal wear,,,0,1,2024-09-03,,,,
67990,Oddworld Munch's Oddysee [Platinum Hits],Xbox,935,"Item, Box, and Manual",Normal wear,,,0,1,2023-07-08,,,,
6141,Cold Fear,Xbox,3613,"Item, Box, and Manual",Normal wear,,,0,1,2023-07-07,,,,
37226,Resident Evil 7 Biohazard,Playstation 4,1124,"Item, Box, and Manual",Normal wear,,,0,1,2026-06-27,,,,
3860,Off Road Challenge,Nintendo 64,1716,Item only,Normal wear,,,0,1,2024-09-03,,,,
3268,Enter the Matrix,Gamecube,1574,"Item, Box, and Manual",Normal wear,,,0,1,2023-07-08,,,,
3737,Dark Rift,Nintendo 64,1060,Item only,Normal wear,,,0,1,2024-09-03,,,,
13906,World Heroes Anthology,Playstation 2,1667,"Item, Box, and Manual",Normal wear,,,0,1,2023-07-07,,,,ps2
6646,Tenchu Return from Darkness,Xbox,1305,"Item, Box, and Manual",Normal wear,,,0,1,2023-07-08,,,,
3208,Call of Duty 2 Big Red One,Gamecube,1500,"Item, Box, and Manual",Normal wear,,,0,1,2023-07-08,,,,
22173,Borderlands [Game of the Year],Xbox 360,755,"Item, Box, and Manual",Normal wear,,,0,1,2024-09-02,,,,
6617,Star Wars Knights of the Old Republic,Xbox,1495,"Item, Box, and Manual",Normal wear,,,0,1,2023-07-08,,,,
7077,Saturday Night Slam Masters,Super Nintendo,2999,Item only,Normal wear,,,0,1,2024-09-02,,,,
21051,Calling,Wii,6749,"Item, Box, and Manual",Normal wear,,,0,1,2023-07-08,,,,
67884,007 Nightfire [Platinum Hits],Xbox,873,"Item, Box, and Manual",Normal wear,,,0,1,2023-07-07,,,,
34065,The Last of Us,Playstation 3,833,"Item, Box, and Manual",Normal wear,,,0,1,2024-09-02,,,,
3322011,Grand Theft Auto Liberty City Stories [Greatest Hits],PSP,2423,"Item, Box, and Manual",Normal wear,,,0,1,2024-09-03,,,,
14285,Mighty Morphin Power Rangers,Sega Genesis,1105,Item only,Normal wear,,,0,1,2024-09-03,,,,
10657,Perfect Dark Zero,Xbox 360,998,"Item, Box, and Manual",Normal wear,,,0,1,2024-09-02,,,,
4842,Time Crisis,Playstation,2384,"Item, Box, and Manual",Normal wear,,,0,1,2023-07-08,,,,
4545,Lost World Jurassic Park,Playstation,2000,"Item, Box, and Manual",Normal wear,,,0,1,2023-07-08,,,,
10600,Bard's Tale,Xbox,949,"Item, Box, and Manual",Normal wear,,,0,1,2023-07-07,,,,
9046,Golden Axe,Sega Genesis,2114,Item only,Normal wear,,,0,1,2024-09-03,,,,
8699,Carrier,Sega Dreamcast,4924,"Item, Box, and Manual",Normal wear,,,0,1,2023-07-08,,,,
31772,Ico & Shadow of the Colossus Collection,Playstation 3,1799,"Item, Box, and Manual",Normal wear,,,0,1,2024-09-02,,,,
33002,God of War Saga Dual Pack,Playstation 3,2869,"Item, Box, and Manual",Normal wear,,,0,1,2024-09-02,,,,
12097,Syphon Filter,Playstation,1275,"Item, Box, and Manual",Normal wear,,,0,1,2023-07-08,,,,
38463,Off-World Interceptor Extreme [Long Box],Playstation,1999,"Item, Box, and Manual",Normal wear,,,0,1,2023-07-08,,,,
10043,Tomb Raider Last Revelation,Sega Dreamcast,1699,"Item, Box, and Manual",Normal wear,,,0,1,2023-07-08,,,,
33801,Ni No Kuni Wrath of the White Witch,Playstation 3,899,"Item, Box, and Manual",Normal wear,,,0,1,2024-09-02,,,,
5891,The Getaway,Playstation 2,1164,"Item, Box, and Manual",Normal wear,,,0,1,2023-07-07,,,,ps2
35867,NASCAR 98 [Collector's Edition],Playstation,829,"Item, Box, and Manual",Normal wear,,,0,1,2023-07-08,,,,
5687,Resident Evil Code Veronica X,Playstation 2,3647,"Item, Box, and Manual",Normal wear,,,0,1,2023-07-07,,,,ps2
32318,Ultimate Marvel vs Capcom 3,Playstation 3,1597,"Item, Box, and Manual",Normal wear,,,0,1,2024-09-02,,,,
10884,Soul Calibur Legends,Wii,1057,"Item, Box, and Manual",Normal wear,,,0,1,2023-07-08,,,,
10660,Prey,Xbox 360,864,"Item, Box, and Manual",Normal wear,,,0,1,2024-09-02,,,,
5847,Stuntman,Playstation 2,764,"Item, Box, and Manual",Normal wear,,,0,1,2023-07-07,,,,ps2
3916,Star Wars Shadows of the Empire,Nintendo 64,1738,Item only,Normal wear,,,0,1,2024-09-03,,,,
31507,F.E.A.R. 3,Xbox 360,1497,"Item, Box, and Manual",Normal wear,,,0,1,2024-09-02,,,,
35544,Sunset Overdrive,Xbox One,719,"Item, Box, and Manual",Normal wear,,,0,1,2026-06-27,,,,
12935,WCW Backstage Assault,Playstation,975,"Item, Box, and Manual",Normal wear,,,0,1,2023-07-08,,,,
5378,Killer 7,Playstation 2,3737,"Item, Box, and Manual",Normal wear,,,0,1,2023-07-07,,,,ps2
10642,Lost Planet: Extreme Condition,Xbox 360,871,"Item, Box, and Manual",Normal wear,,,0,1,2024-09-02,,,,
5285,Grand Theft Auto San Andreas,Playstation 2,1949,"Item, Box, and Manual",Normal wear,,,0,1,2023-07-07,,,,ps2
35624,Final Fantasy Type-0 HD,Xbox One,784,"Item, Box, and Manual",Normal wear,,,0,1,2026-06-27,,,,
21561,Crackdown 2,Xbox 360,839,"Item, Box, and Manual",Normal wear,,,0,1,2024-09-02,,,,
63245,Final Fantasy VII Remake,Playstation 4,1624,"Item, Box, and Manual",Normal wear,,,0,1,2026-06-27,,,,
3943,Turok 2 Seeds of Evil,Nintendo 64,1344,Item only,Normal wear,,,0,1,2024-09-03,,,,
8750,College Football's National Championship,Sega Genesis,467,Item only,Normal wear,,,0,1,2024-09-03,,,,
4225268,Sega Genesis Mini 2,Sega Genesis,18972,"Item, Box, and Manual",Normal wear,,,0,1,2026-06-27,,,,
3773,Gauntlet Legends,Nintendo 64,5050,Item only,Normal wear,,,0,1,2024-09-02,,,,
6080,Batman Begins,Xbox,1708,"Item, Box, and Manual",Normal wear,,,0,1,2023-07-07,,,,
4704,Ridge Racer Revolution,Playstation,2595,"Item, Box, and Manual",Normal wear,,,0,1,2023-07-08,,,,
19487,Wolfenstein,Xbox 360,1998,"Item, Box, and Manual",Normal wear,,,0,1,2024-09-02,,,,
7138,Super Mario All-Stars,Super Nintendo,2367,Item only,Normal wear,,,0,1,2024-09-02,,,,
37626,Die Hard Trilogy [Greatest Hits],Playstation,1199,"Item, Box, and Manual",Normal wear,,,0,1,2023-07-08,,,,
10341,Virtua Fighter 5 Online,Xbox 360,1201,"Item, Box, and Manual",Normal wear,,,0,1,2024-09-02,,,,
4988,Army Men Sarge's Heroes 2,Playstation 2,1999,"Item, Box, and Manual",No blemishes,,,0,1,2023-07-07,,,,ps2
4773,Star Ocean: The Second Story,Playstation,3393,"Item, Box, and Manual",Normal wear,,,0,1,2023-07-07,,,,PlayStation
11092,Battlestar Galactica,Xbox,1384,"Item, Box, and Manual",Normal wear,,,0,1,2023-07-07,,,,
21180,Splinter Cell: Conviction,Xbox 360,897,"Item, Box, and Manual",Normal wear,,,0,1,2024-09-02,,,,
11576,Unreal II The Awakening,Xbox,502,"Item, Box, and Manual",Normal wear,,,0,1,2023-07-08,,,,
4454,Galerians,Playstation,10627,"Item, Box, and Manual",Normal wear,,,0,1,2023-07-08,,,,
3956,WCW Mayhem,Nintendo 64,966,Item only,Normal wear,,,0,1,2024-09-02,,,,
3498,Rampage Total Destruction,Gamecube,2203,"Item, Box, and Manual",Normal wear,,,0,1,2023-07-08,,,,
16017,Animal Crossing City Folk,Wii,2302,"Item, Box, and Manual",Normal wear,,,0,1,2023-07-08,,,,
31455,Grand Theft Auto Vice City,Xbox,1101,"Item, Box, and Manual",Normal wear,,,0,1,2023-07-07,,,,
19639,Halo 3: ODST,Xbox 360,1175,"Item, Box, and Manual",Normal wear,,,0,1,2024-09-02,,,,
3697,Banjo-Tooie,Nintendo 64,3600,Item only,Normal wear,,,0,1,2024-09-02,,,,
9208,King of Fighters XI,Playstation 2,1580,"Item, Box, and Manual",Normal wear,,,0,1,2023-07-07,,,,ps2
11895,Dark Sector,Xbox 360,824,"Item, Box, and Manual",Normal wear,,,0,1,2024-09-02,,,,
5186,Ever Grace,Playstation 2,2777,"Item, Box, and Manual",Normal wear,,,0,1,2023-07-07,,,,ps2
3740,Diddy Kong Racing,Nintendo 64,2599,Item only,Normal wear,,,0,1,2024-09-02,,,,
4992,ATV Offroad Fury,Playstation 2,320,Item only,Normal wear,,,0,1,2023-07-07,,,,ps2
21097,Just Cause 2,Playstation 3,744,"Item, Box, and Manual",Normal wear,,,0,1,2024-09-02,,,,
11519,Breakdown,Xbox,2198,"Item, Box, and Manual",Normal wear,,,0,1,2023-07-07,,,,
6542,Reign of Fire,Xbox,850,"Item, Box, and Manual",Normal wear,,,0,1,2023-07-08,,,,
10562,Super Mario Galaxy,Wii,1853,"Item, Box, and Manual",Normal wear,,,0,1,2023-07-08,,,,
5977,Virtua Fighter 4,Playstation 2,961,"Item, Box, and Manual",Normal wear,,,0,1,2023-07-07,,,,ps2
5958,Twisted Metal Black,Playstation 2,1997,"Item, Box, and Manual",Normal wear,,,0,1,2023-07-07,,,,ps2
2077,Crash Nitro Kart,GameBoy Advance,915,Item only,Normal wear,,,0,1,2026-06-27,,,,
7170,Tetris 2,Super Nintendo,999,Item only,Normal wear,,,0,1,2024-09-02,,,,
10621,Enchanted Arms,Xbox 360,1747,"Item, Box, and Manual",Normal wear,,,0,1,2024-09-02,,,,
9705,Sega Bass Fishing,Sega Dreamcast,1625,"Item, Box, and Manual",Normal wear,,,0,1,2023-07-08,,,,
7155,Super Star Wars Return of the Jedi,Super Nintendo,1799,Item only,Normal wear,,,0,1,2024-09-02,,,,
4926,Xenogears,Playstation,16000,"Item, Box, and Manual",Normal wear,,,0,1,2023-07-08,,,,
5928,Time Splitters,Playstation 2,1999,"Item, Box, and Manual",Normal wear,,,0,1,2023-07-07,,,,ps2
8897,Ecco the Dolphin,Sega Genesis,1222,Item only,Normal wear,,,0,1,2024-09-03,,,,
2286,Kirby: Nightmare in Dream Land,GameBoy Advance,3101,Item only,Normal wear,,,0,1,2026-06-27,,,,
3460,Odama,Gamecube,2494,"Item, Box, and Manual",Normal wear,,,0,1,2023-07-08,,,,
9519,Pac-Man 2 The New Adventures,Sega Genesis,546,Item only,Normal wear,,,0,1,2024-09-03,,,,
3375,Mario Kart Double Dash,Gamecube,7750,"Item, Box, and Manual",Normal wear,,,0,1,2023-07-08,,,,
13767,Eve of Extinction,Playstation 2,1499,"Item, Box, and Manual",Normal wear,,,0,1,2023-07-07,,,,ps2
4754,Soul Blade,Playstation,2499,"Item, Box, and Manual",Normal wear,,,0,1,2023-07-08,,,,
9717,Sega Smash Pack Volume 1,Sega Dreamcast,2099,"Item, Box, and Manual",Normal wear,,,0,1,2023-07-08,,,,
4885,Vigilante 8 2nd Offense,Playstation,3633,"Item, Box, and Manual",Normal wear,,,0,1,2023-07-08,,,,
5342,Ico,Playstation 2,3223,"Item, Box, and Manual",Normal wear,,,0,1,2023-07-07,,,,ps2
2215,Golden Sun,GameBoy Advance,3499,Item only,Normal wear,,,0,1,2026-06-27,,,,
33789,Bioshock Ultimate Rapture Edition,Xbox 360,1734,"Item, Box, and Manual",Normal wear,,,0,1,2024-09-02,,,,
3681,Armorines Project SWARM,Nintendo 64,1391,Item only,Normal wear,,,0,1,2024-09-03,,,,
2216,Golden Sun The Lost Age,GameBoy Advance,3500,Item only,Normal wear,,,0,1,2026-06-27,,,,
3971,WWF Warzone,Nintendo 64,857,Item only,Normal wear,,,0,1,2024-09-03,,,,
37635,Final Fantasy Anthology [Greatest Hits],Playstation,2144,"Item, Box, and Manual",Normal wear,,,0,1,2023-07-08,,,,
6488,Night Caster,Xbox,1299,"Item, Box, and Manual",Normal wear,,,0,1,2023-07-08,,,,
6491,Ninja Gaiden,Xbox,937,"Item, Box, and Manual",Normal wear,,,0,1,2023-07-08,,,,
5439,Marvel vs Capcom 2,Playstation 2,9392,"Item, Box, and Manual",No blemishes,,,200,1,2023-07-07,,,,ps2
33791,DMC: Devil May Cry,Playstation 3,989,"Item, Box, and Manual",Normal wear,,,0,1,2024-09-02,,,,
45711,Driver 2 [Greatest Hits],Playstation,1232,"Item, Box, and Manual",Normal wear,,,0,1,2023-07-08,,,,
40364,Wolfenstein II: The New Colossus,Xbox One,899,"Item, Box, and Manual",Normal wear,,,0,1,2026-06-27,,,,
37321,Zelda Breath of the Wild,Wii U,1979,"Item, Box, and Manual",Normal wear,,,0,1,2026-06-27,,,,
8727350,Mighty Morphin Power Rangers: Rita's Rewind,Playstation 5,2897,"Item, Box, and Manual",Normal wear,,,0,1,2026-06-27,,,,
11614,New Legends,Xbox,670,"Item, Box, and Manual",Normal wear,,,0,1,2023-07-08,,,,
20097,MLB 2000,Playstation,762,"Item, Box, and Manual",Normal wear,,,0,1,2023-07-08,,,,
12795,OverBlood,Playstation,3928,"Item, Box, and Manual",Normal wear,,,0,1,2023-07-08,,,,
3759,Fighters Destiny,Nintendo 64,1691,Item only,Normal wear,,,0,1,2024-09-03,,,,
8838,Demolition Racer,Sega Dreamcast,1438,"Item, Box, and Manual",Normal wear,,,0,1,2023-07-08,,,,
19508,Fallout 3 Add-on Broken Steel and Point Lookout,Xbox 360,913,"Item, Box, and Manual",Normal wear,,,0,1,2024-09-02,,,,
5853,Summoner,Playstation 2,1218,"Item, Box, and Manual",Normal wear,,,0,1,2023-07-07,,,,ps2
16019,Castlevania Judgment,Wii,2099,"Item, Box, and Manual",Normal wear,,,0,1,2023-07-08,,,,
6195,Dr. Muto,Xbox,1397,"Item, Box, and Manual",Normal wear,,,0,1,2023-07-07,,,,
7454,Stunt Race FX,Super Nintendo,1183,Item only,Normal wear,,,0,1,2024-09-02,,,,
37143,Final Fantasy XV,Playstation 4,949,"Item, Box, and Manual",Normal wear,,,0,1,2026-06-27,,,,
5259,Gauntlet Dark Legacy,Playstation 2,3204,"Item, Box, and Manual",No blemishes,,,0,1,2023-07-07,,,,ps2
49906,MX Unleashed [Greatest Hits],Playstation 2,837,"Item, Box, and Manual",Normal wear,,,0,1,2023-07-07,,,,ps2
6322,Kabuki Warriors,Xbox,936,"Item, Box, and Manual",Normal wear,,,0,1,2023-07-07,,,,
6160,Crash Nitro Kart,Xbox,1154,"Item, Box, and Manual",Normal wear,,,0,1,2023-07-07,,,,
