id,product-name,console-name,price-in-pennies,include-string,condition-string,sku,notes,cost-basis-in-pennies,quantity,date-entered,date-purchased,grading-company,grading-cert-id,folder,Game,System,Unnamed: 2
3865.0,Perfect Dark,Nintendo 64,2351.0,Item only,Normal wear,,,0.0,1.0,2024-09-03,,,,,,,
30341.0,WWE Smackdown vs. Raw 2011,Playstation 3,2011.0,"Item, Box, and Manual",Normal wear,,,0.0,1.0,2024-09-02,,,,,,,
3388.0,Medal of Honor European Assault,Gamecube,1600.0,"Item, Box, and Manual",Normal wear,,,0.0,1.0,2023-07-08,,,,,,,
8820.0,Daytona USA,Sega Dreamcast,6618.0,"Item, Box, and Manual",Normal wear,,,0.0,1.0,2023-07-08,,,,,,,
3898.0,Rush 2,Nintendo 64,1979.0,Item only,Normal wear,,,0.0,1.0,2024-09-03,,,,,,,
10834.0,Tony Hawk Project 8,Playstation 3,1199.0,"Item, Box, and Manual",Normal wear,,,0.0,1.0,2023-07-07,,,,,,,
2158190.0,Dead or Alive 2 Ultimate,Xbox,1157.0,"Item, Box, and Manual",Normal wear,,,0.0,1.0,2023-07-07,,,,,,,
3925.0,Super Smash Bros.,Nintendo 64,4949.0,Item only,Normal wear,,,0.0,1.0,2024-09-02,,,,,,,
39944.0,Sonic the Hedgehog [Not for Resale],Sega Genesis,1050.0,Item only,Normal wear,,,0.0,1.0,2024-09-03,,,,,,,
12817.0,Ridge Racer Type 4,Playstation,4675.0,"Item, Box, and Manual",Normal wear,,,0.0,1.0,2023-07-08,,,,,,,
49947.0,Ratchet Deadlocked [Greatest Hits],Playstation 2,1995.0,"Item, Box, and Manual",Normal wear,,,0.0,1.0,2023-07-07,,,,ps2,,,
10057.0,Toy Commander,Sega Dreamcast,2435.0,"Item, Box, and Manual",Normal wear,,,0.0,1.0,2023-07-08,,,,,,,
33379.0,Hitman Absolution,Playstation 3,781.0,"Item, Box, and Manual",Normal wear,,,0.0,1.0,2024-09-02,,,,,,,
67899.0,Dead or Alive 3 [Platinum Hits],Xbox,998.0,"Item, Box, and Manual",Normal wear,,,0.0,1.0,2023-07-07,,,,,,,
36258.0,Rise of the Tomb Raider,Xbox One,934.0,"Item, Box, and Manual",Normal wear,,,0.0,1.0,2026-06-27,,,,,,,
4273.0,Bombing Islands,Playstation,799.0,"Item, Box, and Manual",Normal wear,,,0.0,1.0,2023-07-08,,,,,,,
3766.0,Gameshark,Nintendo 64,1776.0,Item only,Normal wear,,,0.0,1.0,2024-09-03,,,,,,,
37587.0,Chrono Cross [Greatest Hits],Playstation,1611.0,"Item, Box, and Manual",Normal wear,,,0.0,1.0,2023-07-08,,,,,,,
3915.0,Star Wars Rogue Squadron,Nintendo 64,1844.0,Item only,Normal wear,,,0.0,1.0,2024-09-03,,,,,,,
38381.0,Mario Paint [Mouse Bundle],Super Nintendo,3350.0,Item only,Normal wear,,,0.0,1.0,2024-09-02,,,,,,,
9252.0,LocoRoco,PSP,1245.0,"Item, Box, and Manual",Normal wear,,,0.0,1.0,2024-09-03,,,,,,,
6662.0,The Matrix Path of Neo,Xbox,1378.0,"Item, Box, and Manual",Normal wear,,,0.0,1.0,2023-07-07,,,,,,,
10613.0,Condemned Criminal Origins,Xbox 360,2599.0,"Item, Box, and Manual",Normal wear,,,0.0,1.0,2024-09-02,,,,,,,
66751.0,Kirby's Dream Land [Player's Choice],GameBoy,2289.0,Item only,Torn label,,,0.0,1.0,2023-10-15,,,,,,,
36771.0,Deus Ex: Mankind Divided,Playstation 4,764.0,"Item, Box, and Manual",Normal wear,,,0.0,1.0,2026-06-27,,,,,,,
6418.0,MX World Tour,Xbox,600.0,"Item, Box, and Manual",Normal wear,,,0.0,1.0,2023-07-07,,,,,,,
37634.0,Final Fantasy IX [Greatest Hits],Playstation,1697.0,"Item, Box, and Manual",Normal wear,,,0.0,1.0,2023-07-08,,,,,,,
2937.0,Metal Gear Solid,GameBoy Color,13999.0,Item only,Normal wear,,,0.0,1.0,2023-10-15,,,,,,,
66693.0,Namco Museum [Player's Choice],Gamecube,1125.0,"Item, Box, and Manual",Normal wear,,,0.0,1.0,2023-07-08,,,,,,,
2313409.0,Resident Evil 6 [Greatest Hits],Playstation 3,800.0,"Item, Box, and Manual",Normal wear,,,0.0,1.0,2024-09-02,,,,,,,
34752.0,Metal Gear Solid V: Ground Zeroes,Xbox 360,900.0,"Item, Box, and Manual",Normal wear,,,0.0,1.0,2024-09-02,,,,,,,
5495.0,Mortal Kombat Deception,Playstation 2,1881.0,"Item, Box, and Manual",Normal wear,,,0.0,1.0,2023-07-07,,,,ps2,,,
36281.0,Metroid Prime Trilogy,Wii,12000.0,"Item, Box, and Manual",Normal wear,,,0.0,1.0,2023-07-08,,,,,,,
38441.0,Gex [Long Box],Playstation,4499.0,"Item, Box, and Manual",Normal wear,,,0.0,1.0,2023-07-08,,,,,,,
9229.0,Legacy of Kain Soul Reaver,Sega Dreamcast,2359.0,"Item, Box, and Manual",Normal wear,,,0.0,1.0,2023-07-07,,,,,,,
16088.0,Biathlon 2008,Playstation 2,1175.0,"New Item, Box, and Manual",No blemishes,,,0.0,1.0,2023-07-07,,,,ps2,,,
11626.0,Second Sight,Xbox,1136.0,"Item, Box, and Manual",Normal wear,,,0.0,1.0,2023-07-08,,,,,,,
2710.0,Yoshi's Island: Super Mario Advance 3,GameBoy Advance,1659.0,Item only,Normal wear,,,0.0,1.0,2026-06-27,,,,,,,
49998.0,Tekken 4 [Greatest Hits],Playstation 2,1499.0,"Item, Box, and Manual",Normal wear,,,0.0,1.0,2023-07-07,,,,ps2,,,
15978.0,The Last Remnant,Xbox 360,1198.0,"Item, Box, and Manual",Normal wear,,,0.0,1.0,2024-09-02,,,,,,,
4421.0,Fear Effect,Playstation,2999.0,"Item, Box, and Manual",Normal wear,,,0.0,1.0,2023-07-08,,,,,,,
5392.0,LA Rush,Playstation 2,891.0,"Item, Box, and Manual",Normal wear,,,0.0,1.0,2023-07-07,,,,ps2,,,
10397.0,Soul Calibur,Sega Dreamcast,3988.0,"Item, Box, and Manual",Normal wear,,,0.0,1.0,2023-07-08,,,,,,,
13146.0,Obscure The Aftermath,Wii,1499.0,"Item, Box, and Manual",Normal wear,,,0.0,1.0,2023-07-08,,,,,,,
4293.0,Bushido Blade,Playstation,3596.0,"Item, Box, and Manual",Normal wear,,,0.0,1.0,2023-07-08,,,,,,,
11047.0,Capcom Classics Mini Mix,GameBoy Advance,1342.0,Item only,Normal wear,,,0.0,1.0,2026-06-27,,,,,,,
3720.0,California Speed,Nintendo 64,1699.0,Item only,Normal wear,,,0.0,1.0,2024-09-03,,,,,,,
5163.0,Dynasty Warriors 4,Playstation 2,1389.0,"Item, Box, and Manual",Normal wear,,,0.0,1.0,2023-07-07,,,,ps2,,,
12633.0,Gekioh Shooting King,Playstation,4820.0,"Item, Box, and Manual",Normal wear,,,0.0,1.0,2023-07-08,,,,,,,
10932.0,Unreal Tournament III,Playstation 3,887.0,"Item, Box, and Manual",Normal wear,,,0.0,1.0,2024-09-02,,,,,,,
5625.0,Orphen Scion of Sorcery,Playstation 2,1137.0,"Item, Box, and Manual",Normal wear,,,0.0,1.0,2023-07-07,,,,ps2,,,
6502.0,OutRun 2,Xbox,2623.0,"Item, Box, and Manual",Normal wear,,,0.0,1.0,2023-07-08,,,,,,,
9647.0,The Ren and Stimpy Show Stimpy's Invention,Sega Genesis,1294.0,Item only,Normal wear,,,0.0,1.0,2024-09-03,,,,,,,
6595.0,Splinter Cell Chaos Theory,Xbox,1284.0,"Item, Box, and Manual",Normal wear,,,0.0,1.0,2023-07-08,,,,,,,
4775.0,Star Wars Dark Forces,Playstation,1498.0,"Item, Box, and Manual",Normal wear,,,0.0,1.0,2023-07-08,,,,,,,
3707.0,Blast Corps,Nintendo 64,1988.0,Item only,Normal wear,,,0.0,1.0,2024-09-03,,,,,,,
65637.0,Sonic Mega Collection [Player's Choice],Gamecube,1673.0,"Item, Box, and Manual",Normal wear,,,0.0,1.0,2023-07-08,,,,,,,
68628.0,Sonic's Ultimate Genesis Collection [Platinum Hits],Xbox 360,1031.0,"Item, Box, and Manual",Normal wear,,,0.0,1.0,2024-09-02,,,,,,,
7385.0,Metal Slug Anthology,Wii,2005.0,"Item, Box, and Manual",Normal wear,,,0.0,1.0,2023-07-08,,,,,,,
4898.0,WCW nWo Thunder,Playstation,1189.0,"Item, Box, and Manual",Normal wear,,,0.0,1.0,2023-07-08,,,,,,,
9381.0,Ms. Pac-Man,Sega Genesis,688.0,Item only,Normal wear,,,0.0,1.0,2024-09-03,,,,,,,
32305.0,Saints Row: The Third,Xbox 360,798.0,"Item, Box, and Manual",Normal wear,,,0.0,1.0,2024-09-02,,,,,,,
14122.0,The House of the Dead 2 & 3 Return,Wii,1993.0,"Item, Box, and Manual",Normal wear,,,0.0,1.0,2023-07-08,,,,,,,
12031.0,Super Thunder Blade,Sega Genesis,936.0,Item only,Normal wear,,,0.0,1.0,2024-09-03,,,,,,,
6028.0,X-Files Resist or Serve,Playstation 2,8447.0,"Item, Box, and Manual",Normal wear,,,0.0,1.0,2023-07-07,,,,ps2,,,
21123.0,Best of Entertainment Pack,GameBoy Color,4252.0,Item only,Normal wear,,,0.0,1.0,2023-10-15,,,,,,,
5802.0,Splashdown Rides Gone Wild,Playstation 2,1138.0,"Item, Box, and Manual",Normal wear,,,0.0,1.0,2023-07-07,,,,ps2,,,
14196.0,Enemy Territory Quake Wars,Playstation 3,949.0,"Item, Box, and Manual",Normal wear,,,0.0,1.0,2024-09-02,,,,,,,
6073.0,Auto Modellista,Xbox,9142.0,"Item, Box, and Manual",Normal wear,,,0.0,1.0,2023-07-07,,,,,,,
12916.0,Tony Hawk,Playstation,1799.0,"Item, Box, and Manual",Normal wear,,,0.0,1.0,2023-07-07,,,,PlayStation,,,
10763.0,ATV Offroad Fury 4,Playstation 2,614.0,"Item, Box, and Manual",Normal wear,,,0.0,1.0,2023-07-07,,,,ps2,,,
52041.0,Dark Souls [Greatest Hits],Playstation 3,1250.0,"Item, Box, and Manual",Normal wear,,,0.0,1.0,2024-09-02,,,,,,,
11972730.0,Shenmue III [Steelbook Edition],Playstation 4,999.0,"Item, Box, and Manual",Normal wear,,,0.0,1.0,2026-06-27,,,,,,,
5321.0,Heroes of Might and Magic,Playstation 2,1139.0,"Item, Box, and Manual",Normal wear,,,0.0,1.0,2023-07-07,,,,ps2,,,
10665.0,Saints Row,Xbox 360,1455.0,"Item, Box, and Manual",Normal wear,,,0.0,1.0,2024-09-02,,,,,,,
6201.0,Driver Parallel Lines,Xbox,1999.0,"Item, Box, and Manual",Normal wear,,,0.0,1.0,2023-07-07,,,,,,,
6178.0,Dead or Alive Xtreme Beach Volleyball,Xbox,5157.0,"Item, Box, and Manual",Normal wear,,,0.0,1.0,2023-07-07,,,,,,,
7044.0,Paladin's Quest,Super Nintendo,5000.0,Item only,Normal wear,,,0.0,1.0,2024-09-02,,,,,,,
9009.0,Game Genie,Super Nintendo,3149.0,Item only,Normal wear,,,0.0,1.0,2024-09-03,,,,,,,
5189.0,007 Everything or Nothing,Playstation 2,1210.0,"Item, Box, and Manual",No blemishes,,,0.0,1.0,2023-07-07,,,,ps2,,,
30862.0,Mass Effect 2,Playstation 3,466.0,Item only,Normal wear,,,0.0,1.0,2024-09-02,,,,,,,
30356.0,Tony Hawk: Shred,Playstation 3,824.0,"Item, Box, and Manual",Normal wear,,,0.0,1.0,2024-09-02,,,,,,,
35677.0,Mortal Kombat X,Playstation 4,934.0,"Item, Box, and Manual",Normal wear,,,0.0,1.0,2026-06-27,,,,,,,
13229.0,Mario Kart Wii,Wii,6000.0,"Item, Box, and Manual",Normal wear,,,0.0,2.0,2023-07-08,,,,,,,
16320.0,Killzone 2,Playstation 3,1028.0,"Item, Box, and Manual",Normal wear,,,0.0,1.0,2024-09-02,,,,,,,
36250.0,Fallout 4,Xbox One,1067.0,"Item, Box, and Manual",Normal wear,,,0.0,1.0,2026-06-27,,,,,,,
6610.0,Stake,Xbox,1299.0,"Item, Box, and Manual",Normal wear,,,0.0,1.0,2023-07-08,,,,,,,
14109.0,War Jetz,Playstation 2,954.0,"Item, Box, and Manual",Normal wear,,,0.0,1.0,2023-07-07,,,,ps2,,,
21046.0,Final Fantasy XIII,Playstation 3,1088.0,"Item, Box, and Manual",Normal wear,,,0.0,1.0,2024-09-02,,,,,,,
2988.0,Pokemon Yellow,GameBoy,6750.0,Item only,Normal wear,,,0.0,1.0,2023-10-15,,,,,,,
5143.0,Dragon Ball Z Budokai Tenkaichi,Playstation 2,1630.0,"Item, Box, and Manual",No blemishes,,,0.0,1.0,2023-07-07,,,,ps2,,,
15938.0,Mirror's Edge,Xbox 360,899.0,"Item, Box, and Manual",Normal wear,,,0.0,1.0,2024-09-02,,,,,,,
6543.0,Return to Castle Wolfenstein,Xbox,1000.0,"Item, Box, and Manual",Normal wear,,,0.0,1.0,2023-07-08,,,,,,,
21063.0,Resonance of Fate,Playstation 3,1806.0,"Item, Box, and Manual",Normal wear,,,0.0,1.0,2024-09-02,,,,,,,
6672.0,The Warriors,Xbox,4689.0,"Item, Box, and Manual",Normal wear,,,0.0,1.0,2023-07-08,,,,,,,
12598.0,3Xtreme,Playstation,799.0,"Item, Box, and Manual",Normal wear,,,0.0,1.0,2023-07-08,,,,,,,
3553.0,Spiderman 2,Gamecube,1999.0,"Item, Box, and Manual",Normal wear,,,0.0,1.0,2023-07-08,,,,,,,
498719.0,Cyberpunk 2077,Xbox One,1499.0,"Item, Box, and Manual",Normal wear,,,0.0,1.0,2026-06-27,,,,,,,
4930.0,X-men Mutant Academy,Playstation,1445.0,"Item, Box, and Manual",Normal wear,,,0.0,1.0,2023-07-08,,,,,,,
6298.0,Headhunter Redemption,Xbox,1165.0,"Item, Box, and Manual",Normal wear,,,0.0,1.0,2023-07-07,,,,,,,
6334.0,Kingdom Under Fire Heroes,Xbox,977.0,"Item, Box, and Manual",Normal wear,,,0.0,1.0,2023-07-07,,,,,,,
3389.0,Medal of Honor Frontline,Gamecube,1360.0,"Item, Box, and Manual",Normal wear,,,0.0,1.0,2023-07-08,,,,,,,
67967.0,Tony Hawk 4 [Platinum Hits],Xbox,948.0,"Item, Box, and Manual",Normal wear,,,0.0,1.0,2023-07-08,,,,,,,
49737.0,Soviet Strike [Greatest Hits],Playstation,945.0,"Item, Box, and Manual",Normal wear,,,0.0,1.0,2023-07-08,,,,,,,
32123.0,Metal Gear Solid HD Collection,Xbox 360,2499.0,"Item, Box, and Manual",Normal wear,,,0.0,1.0,2024-09-02,,,,,,,
67986.0,Crimson Skies [Platinum Hits],Xbox,894.0,"Item, Box, and Manual",Normal wear,,,0.0,1.0,2023-07-07,,,,,,,
3655.0,WWE Day of Reckoning 2,Gamecube,3500.0,"Item, Box, and Manual",Normal wear,,,0.0,1.0,2023-07-08,,,,,,,
19227.0,Infamous,Playstation 3,1474.0,"Item, Box, and Manual",Normal wear,,,0.0,1.0,2024-09-02,,,,,,,
20406.0,Star Ocean: The Last Hope International,Playstation 3,1076.0,"Item, Box, and Manual",Normal wear,,,0.0,1.0,2024-09-02,,,,,,,
6027.0,Xenosaga 3,Playstation 2,27999.0,"Item, Box, and Manual",No blemishes,,,0.0,1.0,2023-07-07,,,,ps2,,,
12861.0,Skeleton Warriors,Playstation,3077.0,"Item, Box, and Manual",Normal wear,,,0.0,1.0,2023-07-08,,,,,,,
4853.0,Tomb Raider II,Playstation,1417.0,"Item, Box, and Manual",Normal wear,,,0.0,1.0,2023-07-08,,,,,,,
8777.0,Crazy Taxi 2,Sega Dreamcast,5000.0,"Item, Box, and Manual",Normal wear,,,0.0,1.0,2023-07-08,,,,,,,
9781.0,Sonic & Knuckles,Sega Genesis,6400.0,Item only,Normal wear,,,0.0,2.0,2024-09-03,,,,,,,
3165.0,Army Men Sarge's War,Gamecube,1195.0,"Item, Box, and Manual",Normal wear,,,0.0,1.0,2023-07-08,,,,,,,
37688.0,Tekken 3 [Greatest Hits],Playstation,2590.0,"Item, Box, and Manual",Normal wear,,,0.0,1.0,2023-07-08,,,,,,,
6232.0,Fatal Frame 2: Crimson Butterfly,Xbox,9972.0,"Item, Box, and Manual",Normal wear,,,0.0,1.0,2023-07-07,,,,,,,
10116.0,Virtua Fighter 3tb,Sega Dreamcast,3127.0,"Item, Box, and Manual",Normal wear,,,0.0,1.0,2023-07-07,,,,,,,
20108.0,Silent Hill: Shattered Memories,Wii,10764.0,"Item, Box, and Manual",Normal wear,,,0.0,1.0,2023-07-08,,,,,,,
5319.0,Headhunter,Playstation 2,901.0,"Item, Box, and Manual",Normal wear,,,0.0,1.0,2023-07-07,,,,ps2,,,
2392950.0,Streets of Rage 4 [Anniversary Edition],Playstation 4,2197.0,"Item, Box, and Manual",Normal wear,,,0.0,1.0,2026-06-27,,,,,,,
34243.0,Diablo III,Playstation 3,806.0,"Item, Box, and Manual",Normal wear,,,0.0,1.0,2024-09-02,,,,,,,
3327.0,Harvest Moon Magical Melody,Gamecube,2497.0,"Item, Box, and Manual",Normal wear,,,0.0,1.0,2023-07-08,,,,,,,
20394.0,White Knight Chronicles International Edition,Playstation 3,922.0,"Item, Box, and Manual",Normal wear,,,0.0,1.0,2024-09-02,,,,,,,
30775.0,Donkey Kong Country Returns,Wii,1250.0,"Item, Box, and Manual",Normal wear,,,0.0,1.0,2023-07-08,,,,,,,
6485.0,NHL Hitz 2003,Xbox,2399.0,"Item, Box, and Manual",Normal wear,,,0.0,1.0,2023-07-08,,,,,,,
5493.0,Mortal Kombat Armageddon,Playstation 2,1995.0,"Item, Box, and Manual",Normal wear,,,0.0,1.0,2023-07-07,,,,ps2,,,
6583.0,Sonic Heroes,Xbox,2194.0,"Item, Box, and Manual",Normal wear,,,0.0,1.0,2023-07-08,,,,,,,
8967.0,Fighting Force 2,Sega Dreamcast,1500.0,"Item, Box, and Manual",Normal wear,,,0.0,1.0,2023-07-08,,,,,,,
6540.0,Red Dead Revolver,Xbox,1999.0,"Item, Box, and Manual",Normal wear,,,0.0,1.0,2023-07-08,,,,,,,
5846.0,Stunt GP,Playstation 2,998.0,"Item, Box, and Manual",Normal wear,,,0.0,1.0,2023-07-07,,,,ps2,,,
10212.0,WWF Attitude,Sega Dreamcast,1445.0,"Item, Box, and Manual",Normal wear,,,0.0,1.0,2023-07-08,,,,,,,
5989.0,We Love Katamari,Playstation 2,1799.0,"Item, Box, and Manual",Normal wear,,,0.0,1.0,2023-07-07,,,,ps2,,,
4228.0,Army Men Sarge's Heroes,Playstation,1349.0,"Item, Box, and Manual",Normal wear,,,0.0,1.0,2023-07-08,,,,,,,
5254.0,Galerians Ash,Playstation 2,4144.0,"Item, Box, and Manual",Normal wear,,,0.0,1.0,2023-07-07,,,,ps2,,,
4215.0,Apocalypse,Playstation,2912.0,"Item, Box, and Manual",Normal wear,,,0.0,1.0,2023-07-08,,,,,,,
37595.0,Resident Evil Director's Cut [Greatest Hits],Playstation,4989.0,"Item, Box, and Manual",Normal wear,,,0.0,1.0,2023-07-08,,,,,,,
12733.0,Jet Moto 2,Playstation,791.0,"Item, Box, and Manual",Normal wear,,,0.0,1.0,2023-07-08,,,,,,,
36322.0,Xenoblade Chronicles X,Wii U,1354.0,"Item, Box, and Manual",Normal wear,,,0.0,1.0,2023-07-08,,,,,,,
32539.0,Mortal Kombat Komplete Edition,Playstation 3,1579.0,"Item, Box, and Manual",Normal wear,,,0.0,1.0,2024-09-02,,,,,,,
6188.0,Deus Ex Invisible War,Xbox,977.0,"Item, Box, and Manual",Normal wear,,,0.0,1.0,2023-07-07,,,,,,,
32545.0,SSX,Xbox 360,984.0,"Item, Box, and Manual",Normal wear,,,0.0,1.0,2024-09-02,,,,,,,
9174.0,Jeremy McGrath Supercross 2000,Sega Dreamcast,1168.0,"Item, Box, and Manual",Normal wear,,,0.0,1.0,2023-07-08,,,,,,,
5931.0,Tokyo Xtreme Racer Zero,Playstation 2,1550.0,"Item, Box, and Manual",Normal wear,,,0.0,1.0,2023-07-07,,,,ps2,,,
5840.0,Street Fighter Anniversary,Playstation 2,1747.0,"Item, Box, and Manual",Normal wear,,,0.0,1.0,2023-07-07,,,,ps2,,,
3780.0,007 GoldenEye,Nintendo 64,3067.0,Item only,Normal wear,,,0.0,1.0,2024-09-02,,,,,,,
10637.0,Just Cause,Xbox 360,1297.0,"Item, Box, and Manual",Normal wear,,,0.0,1.0,2024-09-02,,,,,,,
11882.0,Lost Odyssey,Xbox 360,2735.0,"Item, Box, and Manual",Normal wear,,,0.0,1.0,2024-09-02,,,,,,,
4563.0,Medal of Honor Underground,Playstation,1603.0,"Item, Box, and Manual",Normal wear,,,0.0,1.0,2023-07-08,,,,,,,
3505.0,Resident Evil,Gamecube,4624.0,"Item, Box, and Manual",Normal wear,,,0.0,1.0,2023-07-08,,,,,,,
10566.0,Assassin's Creed,Playstation 3,838.0,"Item, Box, and Manual",Normal wear,,,0.0,1.0,2024-09-02,,,,,,,
10432.0,Syberia,Xbox,957.0,"Item, Box, and Manual",Normal wear,,,0.0,1.0,2023-07-08,,,,,,,
13099.0,Capcom Fighting Evolution,Xbox,1296.0,"Item, Box, and Manual",Normal wear,,,0.0,1.0,2023-07-07,,,,,,,
32452.0,NeverDead,Playstation 3,2574.0,"Item, Box, and Manual",Normal wear,,,0.0,1.0,2024-09-02,,,,,,,
4761.0,Spiderman,Playstation,4156.0,"Item, Box, and Manual",Normal wear,,,0.0,1.0,2023-07-08,,,,,,,
6194.0,Doom 3: Resurrection of Evil,Xbox,1229.0,"Item, Box, and Manual",Normal wear,,,0.0,1.0,2023-07-07,,,,,,,
10709.0,Anubis II,Wii,735.0,"Item, Box, and Manual",Normal wear,,,0.0,1.0,2023-07-08,,,,,,,
32471.0,Kingdoms Of Amalur Reckoning,Xbox 360,899.0,"Item, Box, and Manual",Normal wear,,,0.0,1.0,2024-09-02,,,,,,,
52036.0,Burnout Paradise [Greatest Hits],Playstation 3,777.0,"Item, Box, and Manual",Normal wear,,,0.0,1.0,2024-09-02,,,,,,,
6510.0,Phantom Dust,Xbox,3784.0,"Item, Box, and Manual",Normal wear,,,0.0,1.0,2023-07-07,,,,,,,
39896.0,Wheel of Fortune [Cardboard Box],Sega Genesis,539.0,"Item, Box, and Manual",Normal wear,,,0.0,1.0,2024-09-03,,,,,,,
5793.0,Soul Calibur III,Playstation 2,1402.0,"Item, Box, and Manual",Normal wear,,,0.0,1.0,2023-07-07,,,,ps2,,,
2816.0,Donkey Kong Country,GameBoy Color,2299.0,Item only,Normal wear,,,0.0,1.0,2023-10-15,,,,,,,
33417.0,Tekken Tag Tournament 2,Wii U,2464.0,"Item, Box, and Manual",Normal wear,,,0.0,1.0,2026-06-27,,,,,,,
7154.0,Super Star Wars Empire Strikes Back,Super Nintendo,1542.0,Item only,Normal wear,,,0.0,1.0,2024-09-02,,,,,,,
10663.0,Ridge Racer 6,Xbox 360,1532.0,"Item, Box, and Manual",Normal wear,,,0.0,1.0,2024-09-02,,,,,,,
5478.0,MLB Slugfest 2004,Playstation 2,1253.0,"Item, Box, and Manual",Normal wear,,,0.0,1.0,2023-07-07,,,,ps2,,,
34272.0,Grand Theft Auto V,Playstation 3,1072.0,"Item, Box, and Manual",Normal wear,,,0.0,1.0,2024-09-02,,,,,,,
65311.0,Alone in the Dark [Soundtrack Edition],Xbox 360,1121.0,"Item, Box, and Manual",Normal wear,,,0.0,1.0,2024-09-02,,,,,,,
32696.0,Xenoblade Chronicles,Wii,5994.0,"Item, Box, and Manual",Normal wear,,,0.0,2.0,2023-07-08,,,,,,,
70911.0,TurboGrafx 16 Mini,TurboGrafx-16,23500.0,"Item, Box, and Manual",Normal wear,,,0.0,1.0,2026-06-27,,,,,,,
3705.0,Beetle Adventure Racing,Nintendo 64,2920.0,Item only,Normal wear,,,0.0,1.0,2024-09-02,,,,,,,
21662.0,Naruto Shippuden: Clash of Ninja Revolution 3,Wii,1200.0,"Item, Box, and Manual",Normal wear,,,0.0,1.0,2023-07-08,,,,,,,
4385243.0,Fable The Lost Chapters [Best Of Platinum Hits],Xbox,1382.0,"Item, Box, and Manual",Normal wear,,,0.0,1.0,2023-07-07,,,,,,,
6192.0,Doom 3,Xbox,984.0,"Item, Box, and Manual",Normal wear,,,0.0,1.0,2023-07-07,,,,,,,
3629.0,Turok Evolution,Gamecube,1800.0,"Item, Box, and Manual",Normal wear,,,0.0,1.0,2023-07-08,,,,,,,
6231.0,Fatal Frame,Xbox,9999.0,"Item, Box, and Manual",Normal wear,,,0.0,1.0,2023-07-07,,,,,,,
39064.0,Yakuza Kiwami [Steelbook Edition],Playstation 4,2226.0,"Item, Box, and Manual",Normal wear,,,0.0,1.0,2026-06-27,,,,,,,
14830.0,Elder Scrolls III Morrowind [Game of the Year],Xbox,2302.0,"Item, Box, and Manual",Normal wear,,,0.0,1.0,2023-07-07,,,,,,,
38426.0,Cyberia [Long Box],Playstation,2135.0,"Item, Box, and Manual",Normal wear,,,0.0,1.0,2023-07-08,,,,,,,
9549.0,Phantasy Star Online Version 2,Sega Dreamcast,5123.0,"Item, Box, and Manual",Normal wear,,,0.0,1.0,2023-07-08,,,,,,,
6743.0,X-men Legends 2,Xbox,1189.0,"Item, Box, and Manual",Normal wear,,,0.0,1.0,2023-07-08,,,,,,,
3722.0,Castlevania,Nintendo 64,3150.0,Item only,Normal wear,,,0.0,1.0,2024-09-02,,,,,,,
15803.0,Fallout 3,Xbox 360,930.0,"Item, Box, and Manual",Normal wear,,,0.0,1.0,2024-09-02,,,,,,,
3141.0,Zelda Link's Awakening DX,GameBoy Color,6015.0,Item only,Normal wear,,,0.0,1.0,2023-10-15,,,,,,,
66681.0,Harvest Moon Magical Melody [Player's Choice],Gamecube,2850.0,"Item, Box, and Manual",Normal wear,,,0.0,1.0,2023-07-08,,,,,,,
58578.0,Super Mario Sunshine [Player's Choice],Gamecube,4719.0,"Item, Box, and Manual",Normal wear,,,0.0,1.0,2023-07-08,,,,,,,
6523.0,Project Snowblind,Xbox,659.0,"Item, Box, and Manual",Normal wear,,,0.0,1.0,2023-07-08,,,,,,,
6618.0,Star Wars Knights of the Old Republic II,Xbox,3168.0,"Item, Box, and Manual",Normal wear,,,0.0,2.0,2023-07-08,,,,,,,
6175.0,Dave Mirra Freestyle BMX 2,Xbox,1146.0,"Item, Box, and Manual",Normal wear,,,0.0,1.0,2023-07-07,,,,,,,
4523.0,King of Fighters 99,Playstation,1949.0,"Item, Box, and Manual",Normal wear,,,0.0,1.0,2023-07-08,,,,,,,
5978.0,Virtua Fighter 4 Evolution,Playstation 2,1238.0,"Item, Box, and Manual",Normal wear,,,0.0,1.0,2023-07-07,,,,ps2,,,
6679.0,Time Splitters Future Perfect,Xbox,2239.0,"Item, Box, and Manual",Normal wear,,,0.0,1.0,2023-07-07,,,,,,,
11374.0,Curse The Eye of Isis,Xbox,8051.0,"Item, Box, and Manual",Normal wear,,,0.0,1.0,2023-07-07,,,,,,,
7254.0,Zelda Link to the Past,Super Nintendo,3550.0,Item only,Normal wear,,,0.0,1.0,2024-09-02,,,,,,,
5365862.0,Metal Gear Solid [Long Box],Playstation,3933.0,"Item, Box, and Manual",Normal wear,,,0.0,1.0,2023-07-08,,,,,,,
39954.0,Super Nintendo Classic Edition,Super Nintendo,10000.0,"Item, Box, and Manual",Normal wear,,,0.0,1.0,2026-06-27,,,,,,,
5841.0,Street Fighter EX3,Playstation 2,2197.0,"Item, Box, and Manual",Normal wear,,,0.0,1.0,2023-07-07,,,,ps2,,,
6951.0,Illusion of Gaia,Super Nintendo,7413.0,Item and Box only,Normal wear,,,0.0,1.0,2024-09-02,,,,,,,
6350.0,Lord of the Rings Fellowship of the Ring,Xbox,1199.0,"Item, Box, and Manual",Normal wear,,,0.0,1.0,2023-07-07,,,,,,,
33273.0,Zone of the Enders HD Collection,Playstation 3,1315.0,"Item, Box, and Manual",Normal wear,,,0.0,1.0,2024-09-02,,,,,,,
34061.0,Minecraft,Xbox 360,1617.0,"Item, Box, and Manual",Normal wear,,,0.0,1.0,2024-09-02,,,,,,,
6673.0,Thief Deadly Shadows,Xbox,1299.0,"Item, Box, and Manual",Normal wear,,,0.0,1.0,2023-07-08,,,,,,,
38435.0,ESPN Extreme Games [Long Box],Playstation,1999.0,"Item, Box, and Manual",Normal wear,,,0.0,1.0,2023-07-08,,,,,,,
3412.0,Mortal Kombat Deadly Alliance,Gamecube,2383.0,"Item, Box, and Manual",Normal wear,,,0.0,1.0,2023-07-08,,,,,,,
2320.0,Lunar Legend,GameBoy Advance,2800.0,Item only,Normal wear,,,0.0,1.0,2026-06-27,,,,,,,
5994.0,Wild Arms 3,Playstation 2,2109.0,"Item, Box, and Manual",Normal wear,,,0.0,1.0,2023-07-07,,,,ps2,,,
45687.0,A Way Out,Xbox One,1503.0,"Item, Box, and Manual",Normal wear,,,0.0,1.0,2026-06-27,,,,,,,
6136.0,Chronicles of Riddick: Escape from Butcher Bay,Xbox,1288.0,"Item, Box, and Manual",Normal wear,,,0.0,1.0,2023-07-07,,,,,,,
7141.0,Super Mario World,Super Nintendo,1799.0,Item only,Normal wear,,,0.0,1.0,2024-09-02,,,,,,,
2873.0,Harry Potter Chamber of Secrets,GameBoy Color,1499.0,Item only,Normal wear,,,0.0,1.0,2023-10-15,,,,,,,
2979.0,Pokemon Blue,GameBoy,6204.0,Item only,Normal wear,,,0.0,1.0,2023-10-15,,,,,,,
3508426.0,Injustice 2 [PlayStation Hits],Playstation 4,996.0,"Item, Box, and Manual",Normal wear,,,0.0,1.0,2026-06-27,,,,,,,
12568.0,AAAHH Real Monsters,Sega Genesis,894.0,Item only,Normal wear,,,0.0,1.0,2024-09-03,,,,,,,
49986.0,Star Ocean Till the End of Time [Greatest Hits],Playstation 2,1405.0,"Item, Box, and Manual",Normal wear,,,0.0,1.0,2023-07-07,,,,ps2,,,
2025.0,Bomberman Max 2 Blue,GameBoy Advance,1497.0,Item only,Normal wear,,,0.0,1.0,2026-06-27,,,,,,,
9272.0,Madden NFL '98,Sega Genesis,849.0,Item only,Normal wear,,,0.0,1.0,2024-09-03,,,,,,,
33285.0,Halo 4,Xbox 360,686.0,"Item, Box, and Manual",Normal wear,,,0.0,1.0,2024-09-02,,,,,,,
4734.0,San Francisco Rush,Playstation,1152.0,"Item, Box, and Manual",Normal wear,,,0.0,1.0,2023-07-08,,,,,,,
5879.0,Tekken 5,Playstation 2,2499.0,"Item, Box, and Manual",Normal wear,,,0.0,1.0,2023-07-07,,,,ps2,,,
15639.0,Harvest Moon Tree of Tranquility,Wii,1514.0,"Item, Box, and Manual",Normal wear,,,0.0,1.0,2023-07-08,,,,,,,
3196.0,Bloody Roar Primal Fury,Gamecube,6490.0,"Item, Box, and Manual",Normal wear,,,0.0,1.0,2023-07-08,,,,,,,
7453.0,Street Fighter II,Super Nintendo,1995.0,Item only,Normal wear,,,0.0,1.0,2024-09-02,,,,,,,
31063.0,Warriors: Legends of Troy,Playstation 3,2655.0,"Item, Box, and Manual",Normal wear,,,0.0,1.0,2024-09-02,,,,,,,
14084.0,Condemned 2 Bloodshot,Xbox 360,1825.0,"Item, Box, and Manual",Normal wear,,,0.0,1.0,2024-09-02,,,,,,,
9305.0,Spiderman Maximum Carnage,Sega Genesis,2670.0,Item only,Normal wear,,,0.0,1.0,2024-09-03,,,,,,,
14664.0,Naruto Clash of Ninja Revolution,Wii,990.0,"Item, Box, and Manual",Normal wear,,,0.0,1.0,2023-07-08,,,,,,,
2456.0,Pokemon FireRed,GameBoy Advance,11997.0,Item only,Normal wear,,,0.0,1.0,2026-06-27,,,,,,,
19591.0,Muramasa: The Demon Blade,Wii,3024.0,"Item, Box, and Manual",Normal wear,,,0.0,1.0,2023-07-08,,,,,,,
6569.0,Shenmue II,Xbox,1287.0,"Item, Box, and Manual",Normal wear,,,0.0,1.0,2023-07-08,,,,,,,
2371.0,Metroid Fusion,GameBoy Advance,4775.0,Item only,Normal wear,,,0.0,1.0,2026-06-27,,,,,,,
11117.0,F.E.A.R.,Xbox 360,2176.0,"Item, Box, and Manual",Normal wear,,,0.0,1.0,2024-09-02,,,,,,,
11486.0,Genji Dawn of the Samurai,Playstation 2,2998.0,"New Item, Box, and Manual",Normal wear,,,0.0,1.0,2023-07-07,,,,ps2,,,
6312.0,Indigo Prophecy,Xbox,1375.0,"Item, Box, and Manual",Normal wear,,,0.0,1.0,2023-07-07,,,,,,,
6907.0,Drakkhen,Super Nintendo,1296.0,Item only,Normal wear,,,0.0,1.0,2024-09-02,,,,,,,
37697.0,Twisted Metal 4 [Greatest Hits],Playstation,2149.0,"Item, Box, and Manual",Normal wear,,,0.0,1.0,2023-07-08,,,,,,,
3776.0,Glover,Nintendo 64,1600.0,Item only,Normal wear,,,0.0,1.0,2024-09-02,,,,,,,
49841.0,Final Fantasy XII [Greatest Hits],Playstation 2,725.0,"Item, Box, and Manual",Normal wear,,,0.0,1.0,2023-07-07,,,,ps2,,,
6626.0,Stolen,Xbox,793.0,"Item, Box, and Manual",Normal wear,,,0.0,1.0,2023-07-08,,,,,,,
3835.0,Mortal Kombat 4,Nintendo 64,2794.0,Item only,Normal wear,,,0.0,1.0,2024-09-03,,,,,,,
31478.0,Duke Nukem Forever,Xbox 360,625.0,"Item, Box, and Manual",Normal wear,,,0.0,1.0,2024-09-02,,,,,,,
13077.0,The IREM Skins Game,Super Nintendo,1595.0,Item only,Normal wear,,,0.0,1.0,2024-09-02,,,,,,,
36115.0,Yoshi's Woolly World,Wii U,1783.0,"Item, Box, and Manual",Normal wear,,,0.0,1.0,2026-06-27,,,,,,,
5467.0,Midway Arcade Treasures 2,Playstation 2,1600.0,"Item, Box, and Manual",Normal wear,,,0.0,1.0,2023-07-07,,,,ps2,,,
36974.0,Paper Mario Color Splash,Wii U,5495.0,"New Item, Box, and Manual",Normal wear,,,0.0,1.0,2026-06-27,,,,,,,
58123.0,High Definition AV Pack,Xbox,5999.0,Item only,Normal wear,,,0.0,1.0,2023-07-07,,,,,,,
3142.0,Zelda Oracle of Ages,GameBoy Color,5942.0,Item only,Normal wear,,,0.0,1.0,2023-10-15,,,,,,,
33405.0,Ninja Gaiden 3: Razor's Edge,Wii U,904.0,"Item, Box, and Manual",Normal wear,,,0.0,1.0,2026-06-27,,,,,,,
14582.0,NASCAR 99,Playstation,925.0,"Item, Box, and Manual",Normal wear,,,0.0,1.0,2023-07-08,,,,,,,
5302.0,Gungrave,Playstation 2,5020.0,"Item, Box, and Manual",Normal wear,,,0.0,1.0,2023-07-07,,,,ps2,,,
1935108.0,Mass Effect Legendary Edition,Xbox One,1200.0,"Item, Box, and Manual",Normal wear,,,0.0,1.0,2026-06-27,,,,,,,
5192.0,Extermination,Playstation 2,1999.0,"Item, Box, and Manual",Normal wear,,,0.0,1.0,2023-07-07,,,,ps2,,,
6382.0,Metal Arms Glitch in the System,Xbox,1899.0,"Item, Box, and Manual",Normal wear,,,0.0,1.0,2023-07-07,,,,,,,
7510.0,Zelda Twilight Princess,Wii,2000.0,"Item, Box, and Manual",Normal wear,,,0.0,1.0,2023-07-08,,,,,,,
35790.0,Batman: Arkham Knight,Playstation 4,1167.0,"Item, Box, and Manual",Normal wear,,,0.0,1.0,2026-06-27,,,,,,,
6564.0,Serious Sam II,Xbox,1491.0,"Item, Box, and Manual",Normal wear,,,0.0,1.0,2023-07-08,,,,,,,
10614.0,Crackdown,Xbox 360,851.0,"Item, Box, and Manual",Normal wear,,,0.0,1.0,2024-09-02,,,,,,,
9731.0,Shenmue,Sega Dreamcast,4388.0,"Item, Box, and Manual",Normal wear,,,0.0,1.0,2023-07-08,,,,,,,
34705.0,Thief,Playstation 4,1006.0,"Item, Box, and Manual",Normal wear,,,0.0,1.0,2026-06-27,,,,,,,
33934.0,Walking Dead: Survival Instinct,Wii U,1536.0,"Item, Box, and Manual",Normal wear,,,0.0,1.0,2026-06-27,,,,,,,
16396.0,New Play Control: Pikmin,Wii,2349.0,"Item, Box, and Manual",Normal wear,,,0.0,1.0,2023-07-08,,,,,,,
35837.0,Rare Replay,Xbox One,984.0,"Item, Box, and Manual",Normal wear,,,0.0,1.0,2026-06-27,,,,,,,
4860.0,Tony Hawk 2,Playstation,1685.0,"Item, Box, and Manual",Normal wear,,,0.0,1.0,2023-07-08,,,,,,,
67923.0,Need for Speed Hot Pursuit 2 [Platinum Hits],Xbox,731.0,"Item, Box, and Manual",Normal wear,,,0.0,1.0,2023-07-08,,,,,,,
10599.0,Fallout Brotherhood of Steel,Playstation 2,10019.0,"Item, Box, and Manual",Normal wear,,,0.0,1.0,2023-07-07,,,,ps2,,,
3573.0,Star Wars Rogue Leader,Gamecube,2100.0,"Item, Box, and Manual",Normal wear,,,0.0,1.0,2023-07-08,,,,,,,
33396.0,Nintendo Land,Wii U,961.0,"Item, Box, and Manual",Normal wear,,,0.0,1.0,2026-06-27,,,,,,,
12021.0,Eternal Champions,Sega Genesis,759.0,Item only,Normal wear,,,0.0,1.0,2024-09-03,,,,,,,
34913.0,Watch Dogs,Wii U,1295.0,"Item, Box, and Manual",Normal wear,,,0.0,1.0,2026-06-27,,,,,,,
13395.0,Ishido: The Way of Stones,GameBoy,1324.0,Item only,Normal wear,,,0.0,1.0,2023-10-15,,,,,,,
5824.0,Star Trek Encounters,Playstation 2,776.0,"Item, Box, and Manual",Normal wear,,,0.0,1.0,2023-07-07,,,,ps2,,,
12879.0,Steel Harbinger,Playstation,1999.0,"Item, Box, and Manual",Normal wear,,,0.0,1.0,2023-07-08,,,,,,,
31043.0,Killzone 3,Playstation 3,1007.0,"Item, Box, and Manual",Normal wear,,,0.0,1.0,2024-09-02,,,,,,,
3274.0,Evolution Worlds,Gamecube,3299.0,"Item, Box, and Manual",Normal wear,,,0.0,1.0,2023-07-08,,,,,,,
12842.0,Rogue Trip Vacation 2012,Playstation,1999.0,"Item, Box, and Manual",Normal wear,,,0.0,1.0,2023-07-08,,,,,,,
10108.0,Vigilante 8 2nd Offense,Sega Dreamcast,2502.0,"Item, Box, and Manual",Normal wear,,,0.0,1.0,2023-07-08,,,,,,,
33873.0,The Walking Dead: A Telltale Games Series,Playstation 3,950.0,"Item, Box, and Manual",Normal wear,,,0.0,1.0,2024-09-02,,,,,,,
10185.0,World Series Baseball 2K2,Sega Dreamcast,996.0,"Item, Box, and Manual",Normal wear,,,0.0,1.0,2023-07-08,,,,,,,
6370.0,Mat Hoffman's Pro BMX 2,Xbox,916.0,"Item, Box, and Manual",Normal wear,,,0.0,1.0,2023-07-07,,,,,,,
6338.0,Legacy of Kain Defiance,Xbox,1135.0,"Item, Box, and Manual",Normal wear,,,0.0,1.0,2023-07-07,,,,,,,
10120.0,Virtua Racing,Sega Genesis,3378.0,"Item, Box, and Manual",Normal wear,,,0.0,1.0,2024-09-03,,,,,,,
14620.0,Disgaea 3: Absence of Justice,Playstation 3,1050.0,"Item, Box, and Manual",Normal wear,,,0.0,1.0,2024-09-02,,,,,,,
11148.0,Rampage Total Destruction,Wii,1173.0,"Item, Box, and Manual",Normal wear,,,0.0,1.0,2023-07-08,,,,,,,
4416.0,Excalibur 2555 AD,Playstation,2026.0,"Item, Box, and Manual",Normal wear,,,0.0,1.0,2023-07-08,,,,,,,
35887.0,Until Dawn,Playstation 4,1081.0,"Item, Box, and Manual",Normal wear,,,0.0,1.0,2026-06-27,,,,,,,
5619.0,Oni,Playstation 2,5600.0,"Item, Box, and Manual",Normal wear,,,0.0,1.0,2023-07-07,,,,ps2,,,
3802.0,Jet Force Gemini,Nintendo 64,1509.0,Item only,Normal wear,,,0.0,1.0,2024-09-03,,,,,,,
9578.0,Power Stone,Sega Dreamcast,7849.0,"Item, Box, and Manual",Normal wear,,,0.0,1.0,2023-07-08,,,,,,,
67945.0,Star Wars Republic Commando [Platinum Hits],Xbox,1364.0,"Item, Box, and Manual",Normal wear,,,0.0,1.0,2023-07-08,,,,,,,
6354.0,Mace Griffin Bounty Hunter,Xbox,941.0,"Item, Box, and Manual",Normal wear,,,0.0,1.0,2023-07-07,,,,,,,
13899.0,Metal Gear Solid 4 Guns of the Patriots,Playstation 3,1228.0,"Item, Box, and Manual",Normal wear,,,0.0,1.0,2024-09-02,,,,,,,
3702.0,Battletanx,Nintendo 64,2125.0,Item only,Normal wear,,,0.0,1.0,2024-09-03,,,,,,,
36602.0,Uncharted 4 A Thief's End,Playstation 4,993.0,"Item, Box, and Manual",Normal wear,,,0.0,1.0,2026-06-27,,,,,,,
6288.0,Halo: Combat Evolved,Xbox,1595.0,"Item, Box, and Manual",Normal wear,,,0.0,1.0,2023-07-07,,,,,,,
37336.0,Mass Effect Andromeda,Playstation 4,934.0,"Item, Box, and Manual",Normal wear,,,0.0,1.0,2026-06-27,,,,,,,
6976.0,Lagoon,Super Nintendo,1564.0,Item only,Normal wear,,,0.0,1.0,2024-09-02,,,,,,,
13876.0,Hot Shots Golf Open Tee 2,PSP,797.0,"Item, Box, and Manual",Normal wear,,,0.0,1.0,2024-09-03,,,,,,,
37680.0,Star Wars Episode I Jedi Power Battles [Greatest Hits],Playstation,1216.0,"Item, Box, and Manual",Normal wear,,,0.0,1.0,2023-07-08,,,,,,,
3667.0,Zelda [Collector's Edition],Gamecube,7650.0,"Item, Box, and Manual",Normal wear,,,0.0,1.0,2023-07-08,,,,,,,
3572.0,Star Wars Rebel Strike,Gamecube,1427.0,Item only,Normal wear,,,0.0,1.0,2023-07-08,,,,,,,
10389.0,Moto GP 3,Xbox,649.0,"Item, Box, and Manual",Normal wear,,,0.0,1.0,2023-07-07,,,,,,,
33231.0,Assassin's Creed III,Playstation 3,707.0,"Item, Box, and Manual",Normal wear,,,0.0,1.0,2024-09-02,,,,,,,
5287.0,Grandia II,Playstation 2,2373.0,"Item, Box, and Manual",No blemishes,,,0.0,1.0,2023-07-07,,,,ps2,,,
10122.0,Virtua Tennis,Sega Dreamcast,1475.0,"Item, Box, and Manual",Normal wear,,,0.0,1.0,2023-07-08,,,,,,,
6291.0,Halo 2 Multiplayer Map Pack,Xbox,1082.0,"Item, Box, and Manual",Normal wear,,,0.0,1.0,2023-07-07,,,,,,,
20120.0,Final Fantasy Crystal Chronicles: Crystal Bearers,Wii,1407.0,"Item, Box, and Manual",Normal wear,,,0.0,1.0,2023-07-08,,,,,,,
6151.0,Conflict Desert Storm,Xbox,765.0,"Item, Box, and Manual",Normal wear,,,0.0,1.0,2023-07-07,,,,,,,
66632.0,Shadow the Hedgehog [Player's Choice],Gamecube,6409.0,"Item, Box, and Manual",Normal wear,,,0.0,1.0,2023-07-08,,,,,,,
6643.0,Tecmo Classic Arcade,Xbox,1038.0,"Item, Box, and Manual",Normal wear,,,0.0,1.0,2023-07-08,,,,,,,
19409.0,Wii Sports Resort,Wii,3595.0,"Item, Box, and Manual",Normal wear,,,0.0,1.0,2023-07-08,,,,,,,
22017.0,Halo: Reach,Xbox 360,1291.0,"Item, Box, and Manual",Normal wear,,,0.0,1.0,2024-09-02,,,,,,,
16397.0,MadWorld,Wii,1528.0,"Item, Box, and Manual",Normal wear,,,0.0,1.0,2023-07-08,,,,,,,
10534.0,F.E.A.R. Files,Xbox 360,3499.0,"Item, Box, and Manual",Normal wear,,,0.0,1.0,2024-09-02,,,,,,,
21571.0,Sin and Punishment: Star Successor,Wii,3858.0,"Item, Box, and Manual",Normal wear,,,0.0,1.0,2023-07-08,,,,,,,
6615.0,Star Wars Jedi Knight II: Jedi Outcast,Xbox,1640.0,"Item, Box, and Manual",Normal wear,,,0.0,1.0,2023-07-08,,,,,,,
52022.0,Heavy Rain [Director's Cut],Playstation 3,970.0,"Item, Box, and Manual",Normal wear,,,0.0,1.0,2024-09-02,,,,,,,
3954.0,Wave Race 64,Nintendo 64,1689.0,Item only,Normal wear,,,0.0,1.0,2024-09-03,,,,,,,
53914.0,Playstation Classic Mini,Playstation,6750.0,"Item, Box, and Manual",Normal wear,,,0.0,1.0,2026-06-27,,,,,,,
4596.0,Mortal Kombat Trilogy,Playstation,1779.0,Item only,Normal wear,,,0.0,1.0,2023-07-08,,,,,,,
6621.0,Star Wars Episode III Revenge of the Sith,Xbox,1461.0,"Item, Box, and Manual",Normal wear,,,0.0,1.0,2023-07-08,,,,,,,
36680.0,Tokyo Mirage Sessions #FE,Wii U,1499.0,"Item, Box, and Manual",Normal wear,,,0.0,1.0,2026-06-27,,,,,,,
10574.0,WWE Smackdown vs. Raw 2008,Playstation 3,1967.0,"Item, Box, and Manual",Normal wear,,,0.0,1.0,2024-09-02,,,,,,,
3308.0,Geist,Gamecube,4402.0,"Item, Box, and Manual",Normal wear,,,0.0,1.0,2023-07-08,,,,,,,
12767.0,Mission Impossible,Playstation,1271.0,"Item, Box, and Manual",Normal wear,,,0.0,1.0,2023-07-08,,,,,,,
5284.0,Grand Theft Auto Liberty City Stories,Playstation 2,2399.0,"Item, Box, and Manual",Normal wear,,,0.0,1.0,2023-07-07,,,,ps2,,,
35958.0,Super Mario Maker,Wii U,956.0,"Item, Box, and Manual",Normal wear,,,0.0,1.0,2026-06-27,,,,,,,
5894.0,The Guy Game,Playstation 2,25000.0,"Item, Box, and Manual",No blemishes,,,0.0,1.0,2023-07-07,,,,ps2,,,
6964.0,Ken Griffey Jr Major League Baseball,Super Nintendo,7861.0,"Item, Box, and Manual",Normal wear,,,0.0,1.0,2024-09-02,,,,,,,
8504.0,Alone In The Dark The New Nightmare,Sega Dreamcast,5400.0,"Item, Box, and Manual",Normal wear,,,0.0,1.0,2023-07-08,,,,,,,
11191.0,WarioWare: Smooth Moves,Wii,2013.0,"Item, Box, and Manual",Normal wear,,,0.0,1.0,2023-07-08,,,,,,,
3143.0,Zelda Oracle of Seasons,GameBoy Color,5999.0,Item only,Normal wear,,,0.0,1.0,2023-10-15,,,,,,,
13200.0,ESWAT City Under Siege,Sega Genesis,3521.0,"Item, Box, and Manual",Normal wear,,,0.0,1.0,2024-09-03,,,,,,,
8845.0,Dino Crisis,Sega Dreamcast,8806.0,"Item, Box, and Manual",Normal wear,,,0.0,1.0,2023-07-08,,,,,,,
3771.0,Gameshark Pro 3.2,Nintendo 64,3000.0,Item only,Normal wear,,,0.0,1.0,2024-09-03,,,,,,,
3364.0,Luigi's Mansion,Gamecube,5274.0,"Item, Box, and Manual",Normal wear,,,0.0,1.0,2023-07-08,,,,,,,
34307.0,Beyond: Two Souls,Playstation 3,828.0,"Item, Box, and Manual",Normal wear,,,0.0,1.0,2024-09-02,,,,,,,
3060.0,Super Mario Land 2,GameBoy,2000.0,Item only,Normal wear,,,0.0,1.0,2023-10-15,,,,,,,
37644.0,Grand Theft Auto 2 [Greatest Hits],Playstation,1749.0,"Item, Box, and Manual",Normal wear,,,0.0,1.0,2023-07-08,,,,,,,
16478.0,Broken Sword The Shadow of the Templars,Wii,730.0,"Item, Box, and Manual",Normal wear,,,0.0,1.0,2023-07-08,,,,,,,
14261.0,Road Rash III,Sega Genesis,5603.0,"Item, Box, and Manual",Normal wear,,,0.0,1.0,2024-09-02,,,,,,,
3616.0,Time Splitters 2,Gamecube,2274.0,"Item, Box, and Manual",Normal wear,,,0.0,1.0,2023-07-07,,,,,,,
3806.0,Kirby 64: The Crystal Shards,Nintendo 64,4374.0,Item only,Normal wear,,,0.0,1.0,2024-09-02,,,,,,,
3949.0,Vigilante 8 2nd Offense,Nintendo 64,4054.0,Item only,Normal wear,,,0.0,1.0,2024-09-02,,,,,,,
3970.0,WWF No Mercy,Nintendo 64,2876.0,Item only,Normal wear,,,0.0,1.0,2024-09-02,,,,,,,
11026.0,Sega Genesis Collection,Playstation 2,1099.0,"Item, Box, and Manual",Normal wear,,,0.0,1.0,2023-07-07,,,,ps2,,,
8540.0,Atari Classics Evolved,PSP,1190.0,"Item, Box, and Manual",Normal wear,,,0.0,1.0,2024-09-03,,,,,,,
10093.0,Unreal Tournament,Sega Dreamcast,2105.0,"Item, Box, and Manual",Normal wear,,,0.0,1.0,2023-07-08,,,,,,,
7361.0,Justice League Heroes,Playstation 2,1396.0,"Item, Box, and Manual",Normal wear,,,0.0,1.0,2023-07-07,,,,ps2,,,
32590.0,Mass Effect 3,Playstation 3,769.0,"Item, Box, and Manual",Normal wear,,,0.0,1.0,2024-09-02,,,,,,,
20012.0,Left 4 Dead 2,Xbox 360,3999.0,"Item, Box, and Manual",Normal wear,,,0.0,1.0,2024-09-02,,,,,,,
49891.0,Maximo Ghosts to Glory [Greatest Hits],Playstation 2,2025.0,"Item, Box, and Manual",No blemishes,,,0.0,1.0,2023-07-07,,,,ps2,,,
5328.0,Hitman 2,Playstation 2,681.0,"Item, Box, and Manual",Normal wear,,,0.0,1.0,2023-07-07,,,,ps2,,,
9096.0,Harvey Birdman Attorney at Law,PSP,1295.0,"Item, Box, and Manual",Normal wear,,,0.0,1.0,2024-09-03,,,,,,,
6848.0,Art of Fighting,Super Nintendo,1148.0,Item only,Normal wear,,,0.0,1.0,2024-09-02,,,,,,,
35398.0,Captain Toad: Treasure Tracker,Wii U,1139.0,"Item, Box, and Manual",Normal wear,,,0.0,1.0,2026-06-27,,,,,,,
5246.0,Front Mission 4,Playstation 2,1220.0,"Item, Box, and Manual",Normal wear,,,0.0,1.0,2023-07-07,,,,ps2,,,
34919.0,Mario Kart 8,Wii U,1347.0,"Item, Box, and Manual",Normal wear,,,0.0,1.0,2026-06-27,,,,,,,
2549.0,Sonic Battle,GameBoy Advance,3900.0,Item only,Normal wear,,,0.0,1.0,2026-06-27,,,,,,,
32745.0,Max Payne 3,Playstation 3,1294.0,"Item, Box, and Manual",Normal wear,,,0.0,1.0,2024-09-02,,,,,,,
68627.0,Skate 3 [Platinum Hits],Xbox 360,934.0,"Item, Box, and Manual",Normal wear,,,0.0,1.0,2024-09-02,,,,,,,
6513.0,Pirates of the Caribbean,Xbox,899.0,"Item, Box, and Manual",Normal wear,,,0.0,1.0,2023-07-08,,,,,,,
10611.0,Chromehounds,Xbox 360,999.0,"Item, Box, and Manual",Normal wear,,,0.0,1.0,2024-09-02,,,,,,,
65142.0,Crysis 2 [Platinum Hits],Xbox 360,489.0,"Item, Box, and Manual",Normal wear,,,0.0,1.0,2024-09-02,,,,,,,
12940.0,Wild 9,Playstation,1985.0,"Item, Box, and Manual",Normal wear,,,0.0,1.0,2023-07-08,,,,,,,
7442.0,Skate,Playstation 3,1459.0,"Item, Box, and Manual",Normal wear,,,0.0,1.0,2024-09-02,,,,,,,
6670.0,The Thing,Xbox,1973.0,"Item, Box, and Manual",Normal wear,,,0.0,1.0,2023-07-08,,,,,,,
37130.0,Nintendo NES Classic Edition,NES,9680.0,"Item, Box, and Manual",Normal wear,,,0.0,1.0,2026-06-27,,,,,,,
4343.0,Critical Depth,Playstation,1149.0,"Item, Box, and Manual",Normal wear,,,0.0,1.0,2023-07-08,,,,,,,
66682.0,Zelda Wind Waker [Player's Choice],Gamecube,7034.0,Item only,No blemishes,,,0.0,1.0,2024-01-11,,,,,,,
3507.0,Resident Evil 3 Nemesis,Gamecube,16550.0,"Item, Box, and Manual",Normal wear,,,0.0,1.0,2023-07-08,,,,,,,
5849.0,Suikoden 3,Playstation 2,3049.0,"Item, Box, and Manual",Normal wear,,,0.0,1.0,2023-07-07,,,,ps2,,,
31691.0,Resistance 3,Playstation 3,1495.0,"Item, Box, and Manual",Normal wear,,,0.0,1.0,2024-09-02,,,,,,,
4884.0,Vigilante 8,Playstation,2087.0,"Item, Box, and Manual",Normal wear,,,0.0,1.0,2023-07-08,,,,,,,
20122.0,Divinity II: Ego Draconis,Xbox 360,1237.0,"Item, Box, and Manual",Normal wear,,,0.0,1.0,2024-09-02,,,,,,,
30874.0,Two Worlds II,Xbox 360,1001.0,"Item, Box, and Manual",Normal wear,,,0.0,1.0,2024-09-02,,,,,,,
3574.0,Star Fox Adventures,Gamecube,5698.0,"Item, Box, and Manual",Normal wear,,,0.0,1.0,2023-07-08,,,,,,,
7359.0,Jurassic Park,Super Nintendo,1233.0,Item only,Normal wear,,,0.0,1.0,2024-09-02,,,,,,,
19265.0,Virtua Tennis 2009,Xbox 360,841.0,"Item, Box, and Manual",Normal wear,,,0.0,1.0,2024-09-02,,,,,,,
4635.0,Oddworld Abe's Oddysee,Playstation,1984.0,"Item, Box, and Manual",Normal wear,,,0.0,1.0,2023-07-08,,,,,,,
49702.0,Andretti Racing [Greatest Hits],Playstation,899.0,"Item, Box, and Manual",Normal wear,,,0.0,1.0,2023-07-08,,,,,,,
25435.0,L.A. Noire [Greatest Hits],Playstation 3,700.0,"Item, Box, and Manual",Normal wear,,,0.0,1.0,2024-09-02,,,,,,,
11637.0,Syberia II,Xbox,1648.0,"Item, Box, and Manual",Normal wear,,,0.0,1.0,2023-07-08,,,,,,,
6700.0,True Crime Streets of LA,Xbox,1028.0,"Item, Box, and Manual",Normal wear,,,0.0,1.0,2023-07-08,,,,,,,
117323.0,South Park: The Stick of Truth [Greatest Hits],Playstation 3,681.0,"Item, Box, and Manual",Normal wear,,,0.0,1.0,2024-09-02,,,,,,,
4573.0,Metal Gear Solid VR Missions,Playstation,2499.0,"Item, Box, and Manual",Normal wear,,,0.0,1.0,2023-07-08,,,,,,,
11162.0,MLB SlugFest Loaded,Xbox,1652.0,"Item, Box, and Manual",Normal wear,,,0.0,1.0,2023-07-07,,,,,,,
52105.0,Tekken 6 [Greatest Hits],Playstation 3,1102.0,"Item, Box, and Manual",Normal wear,,,0.0,1.0,2024-09-02,,,,,,,
5305.0,Half-Life,Playstation 2,7512.0,"Item, Box, and Manual",Normal wear,,,0.0,1.0,2023-07-07,,,,ps2,,,
32792.0,Batman: Arkham City [Game of the Year],Xbox 360,672.0,"Item, Box, and Manual",Normal wear,,,0.0,1.0,2024-09-02,,,,,,,
2166.0,F-14 Tomcat,GameBoy Advance,699.0,Item only,Normal wear,,,0.0,1.0,2026-06-27,,,,,,,
3948.0,Vigilante 8,Nintendo 64,2924.0,Item only,Normal wear,,,0.0,1.0,2023-07-08,,,,,,,
3487559.0,Dead or Alive 1 Ultimate,Xbox,932.0,"Item, Box, and Manual",Normal wear,,,0.0,1.0,2023-07-07,,,,,,,
12029.0,Shinobi III Return of the Ninja Master,Sega Genesis,3306.0,Item only,Normal wear,,,0.0,1.0,2024-09-03,,,,,,,
7281.0,Brunswick Pro Bowling,Wii,834.0,"Item, Box, and Manual",Normal wear,,,0.0,1.0,2023-07-08,,,,,,,
5694.0,Ridge Racer V,Playstation 2,1779.0,"Item, Box, and Manual",Normal wear,,,0.0,1.0,2023-07-07,,,,ps2,,,
10669.0,Splinter Cell Double Agent,Xbox 360,1138.0,"Item, Box, and Manual",Normal wear,,,0.0,1.0,2024-09-02,,,,,,,
37681.0,Star Wars Phantom Menace [Greatest Hits],Playstation,1167.0,"Item, Box, and Manual",Normal wear,,,0.0,1.0,2023-07-08,,,,,,,
38412.0,Air Combat [Long Box],Playstation,3097.0,"Item, Box, and Manual",Normal wear,,,0.0,1.0,2023-07-08,,,,,,,
21508.0,Syphon Filter Logan's Shadow,Playstation 2,1948.0,"Item, Box, and Manual",Normal wear,,,0.0,1.0,2023-07-07,,,,ps2,,,
14592.0,Sammy Sosa High Heat Baseball 2001,Playstation,771.0,"Item, Box, and Manual",Normal wear,,,0.0,1.0,2024-09-02,,,,,,,
33386.0,Playstation All-Stars Battle Royale,Playstation 3,1170.0,"Item, Box, and Manual",Normal wear,,,0.0,1.0,2024-09-02,,,,,,,
3370084.0,Marvel Spiderman: Miles Morales,Playstation 5,1245.0,"Item, Box, and Manual",Normal wear,,,0.0,1.0,2026-06-27,,,,,,,
50037.0,Tony Hawk 3 [Greatest Hits],Playstation 2,1193.0,"Item, Box, and Manual",Normal wear,,,0.0,1.0,2023-07-07,,,,ps2,,,
5416.0,Lord of the Rings Two Towers,Playstation 2,1665.0,"Item, Box, and Manual",Normal wear,,,0.0,1.0,2023-07-07,,,,ps2,,,
6742.0,X-men Legends,Xbox,1150.0,"Item, Box, and Manual",Normal wear,,,0.0,1.0,2023-07-08,,,,,,,
5460.0,Metal Gear Solid 3 Subsistence,Playstation 2,3886.0,"Item, Box, and Manual",Stickers,,,0.0,1.0,2023-07-07,,,,ps2,,,
3113.0,Vigilante 8,GameBoy Color,1811.0,Item only,Normal wear,,,0.0,1.0,2023-07-08,,,,,,,
19509.0,Fallout 3 Add-on The Pitt and Operation: Anchorage,Xbox 360,1145.0,"Item, Box, and Manual",Normal wear,,,0.0,1.0,2024-09-02,,,,,,,
6928.0,Final Fight,Super Nintendo,1848.0,Item only,Normal wear,,,0.0,1.0,2024-09-02,,,,,,,
9438.0,NBA Showdown 94,Sega Genesis,407.0,Item only,Normal wear,,,0.0,1.0,2024-09-03,,,,,,,
33854.0,Metal Gear Rising: Revengeance,Playstation 3,1459.0,"Item, Box, and Manual",Normal wear,,,0.0,1.0,2024-09-02,,,,,,,
6138.0,Clone Wars Tetris Worlds Combo Pack,Xbox,381.0,"Item, Box, and Manual",Normal wear,,,0.0,1.0,2023-07-08,,,,,,,
35686.0,Namco Museum Megamix,Wii,999.0,"Item, Box, and Manual",Normal wear,,,0.0,1.0,2023-07-08,,,,,,,
32665.0,Resident Evil: Operation Raccoon City,Xbox 360,999.0,"Item, Box, and Manual",Normal wear,,,0.0,1.0,2024-09-02,,,,,,,
3620.0,Tony Hawk 3,Gamecube,1300.0,"Item, Box, and Manual",Normal wear,,,0.0,1.0,2023-07-07,,,,ps2,,,
5466.0,Midway Arcade Treasures,Playstation 2,1097.0,"Item, Box, and Manual",Normal wear,,,0.0,1.0,2023-07-07,,,,ps2,,,
5985.0,Warriors of Might and Magic,Playstation 2,980.0,"Item, Box, and Manual",Normal wear,,,0.0,1.0,2023-07-07,,,,ps2,,,
6289.0,Halo 2,Xbox,1425.0,"Item, Box, and Manual",Normal wear,,,0.0,1.0,2023-07-07,,,,,,,
11764.0,King of Fighters 2006,Playstation 2,1800.0,"Item, Box, and Manual",Normal wear,,,0.0,1.0,2023-07-07,,,,ps2,,,
11894.0,Lost Via Domus,Xbox 360,1340.0,"Item, Box, and Manual",Normal wear,,,0.0,1.0,2024-09-02,,,,,,,
6200.0,Driver 3,Xbox,1049.0,"Item, Box, and Manual",Normal wear,,,0.0,1.0,2023-07-07,,,,,,,
3794.0,Hybrid Heaven,Nintendo 64,2992.0,Item only,Normal wear,,,0.0,1.0,2024-09-02,,,,,,,
19731.0,Midnight Club Los Angeles [Complete Edition],Playstation 3,1779.0,"Item, Box, and Manual",Normal wear,,,0.0,1.0,2024-09-02,,,,,,,
14854.0,PGA Tour 98,Playstation,799.0,"Item, Box, and Manual",Normal wear,,,0.0,1.0,2023-07-08,,,,,,,
5866.0,Syphon Filter Omega Strain,Playstation 2,927.0,"Item, Box, and Manual",Normal wear,,,0.0,1.0,2023-07-07,,,,ps2,,,
7103.0,Spiderman X-Men Arcade's Revenge,Super Nintendo,1119.0,Item only,Normal wear,,,0.0,1.0,2024-09-02,,,,,,,
10787.0,Looney Tunes Acme Arsenal,Wii,809.0,"Item, Box, and Manual",Normal wear,,,0.0,1.0,2023-07-08,,,,,,,
5118.0,Destroy All Humans,Playstation 2,991.0,"Item, Box, and Manual",Scratches,,,0.0,1.0,2023-07-07,,,,ps2,,,
21252.0,Super Street Fighter IV,Xbox 360,1084.0,"Item, Box, and Manual",Normal wear,,,0.0,1.0,2024-09-02,,,,,,,
30269.0,Vanquish,Playstation 3,1577.0,"Item, Box, and Manual",Normal wear,,,0.0,1.0,2024-09-02,,,,,,,
3669.0,Zelda Ocarina of Time Master Quest,Gamecube,7999.0,"Item, Box, and Manual",Normal wear,,,0.0,1.0,2023-07-08,,,,,,,
30334.0,Kirby's Epic Yarn,Wii,1963.0,"Item, Box, and Manual",Normal wear,,,0.0,1.0,2023-07-08,,,,,,,
4776.0,Star Wars Demolition,Playstation,1404.0,"Item, Box, and Manual",Normal wear,,,0.0,1.0,2023-07-08,,,,,,,
4193.0,007 Racing,Playstation,1299.0,"Item, Box, and Manual",Normal wear,,,0.0,1.0,2023-07-08,,,,,,,
35450.0,Bayonetta 2,Wii U,1893.0,"Item, Box, and Manual",Normal wear,,,0.0,1.0,2026-06-27,,,,,,,
6927.0,Final Fantasy Mystic Quest,Super Nintendo,1999.0,Item only,Normal wear,,,0.0,1.0,2024-09-02,,,,,,,
67936.0,Silent Hill 2 [Platinum Hits],Xbox,5984.0,"Item, Box, and Manual",Normal wear,,,0.0,1.0,2023-07-07,,,,,,,
5697.0,Risk Global Domination,Playstation 2,923.0,"Item, Box, and Manual",Normal wear,,,0.0,1.0,2023-07-07,,,,ps2,,,
2546.0,Sonic Advance,GameBoy Advance,1999.0,Item only,Normal wear,,,0.0,1.0,2026-06-27,,,,,,,
9502.0,Omikron The Nomad Soul,Sega Dreamcast,4845.0,"Item, Box, and Manual",Normal wear,,,0.0,1.0,2023-07-08,,,,,,,
8890.0,EA Replay,PSP,1299.0,"Item, Box, and Manual",Normal wear,,,0.0,1.0,2024-09-03,,,,,,,
15945.0,WWE Smackdown vs. Raw 2009,Playstation 3,1449.0,"Item, Box, and Manual",Normal wear,,,0.0,1.0,2024-09-02,,,,,,,
5053.0,Capcom vs SNK 2,Playstation 2,2999.0,"Item, Box, and Manual",No blemishes,,,0.0,1.0,2023-07-07,,,,ps2,,,
15034.0,Silent Hill Homecoming,Playstation 3,1633.0,"Item, Box, and Manual",Normal wear,,,0.0,1.0,2024-09-02,,,,,,,
12709.0,Darklight Conflict,Playstation,1104.0,"Item, Box, and Manual",Normal wear,,,0.0,1.0,2023-07-08,,,,,,,
65263.0,Saints Row 2 [Platinum Hits],Xbox 360,1199.0,"Item, Box, and Manual",Normal wear,,,0.0,1.0,2024-09-02,,,,,,,
14143.0,Pac-Man vs & Pac-Man World 2,Gamecube,1997.0,"Item, Box, and Manual",Normal wear,,,0.0,1.0,2023-07-08,,,,,,,
3703.0,Battletanx Global Assault,Nintendo 64,2995.0,Item only,Normal wear,,,0.0,1.0,2024-09-03,,,,,,,
10223.0,X-Men,Sega Genesis,1220.0,Item only,Normal wear,,,0.0,1.0,2024-09-03,,,,,,,
1004788.0,Resident Evil Village,Xbox Series X,1834.0,"Item, Box, and Manual",Normal wear,,,0.0,1.0,2026-06-27,,,,,,,
31656.0,Deus Ex: Human Revolution,Playstation 3,549.0,"Item, Box, and Manual",Normal wear,,,0.0,1.0,2024-09-02,,,,,,,
32498.0,Twisted Metal,Playstation 3,1766.0,"Item, Box, and Manual",Normal wear,,,0.0,1.0,2024-09-02,,,,,,,
3775.0,Gex 64,Nintendo 64,1750.0,Item only,Normal wear,,,0.0,1.0,2024-09-03,,,,,,,
64008.0,MediEvil,Playstation 4,1687.0,"Item, Box, and Manual",Normal wear,,,0.0,1.0,2026-06-27,,,,,,,
4217.0,Area 51,Playstation,1599.0,"Item, Box, and Manual",Normal wear,,,0.0,1.0,2023-07-08,,,,,,,
11938.0,Twisted Metal Head On,Playstation 2,2736.0,"Item, Box, and Manual",Normal wear,,,0.0,1.0,2023-07-07,,,,ps2,,,
9625.0,Ranger X,Sega Genesis,8723.0,"Item, Box, and Manual",Normal wear,,,0.0,1.0,2023-07-22,,,,,,,
6068.0,Arena Football,Xbox,773.0,"Item, Box, and Manual",Normal wear,,,0.0,1.0,2023-07-07,,,,,,,
20431.0,Data East Arcade Classics,Wii,7324.0,"New Item, Box, and Manual",Normal wear,,,0.0,1.0,2023-07-08,,,,,,,
63236.0,Sonic Adventure [Sega All Stars],Sega Dreamcast,5998.0,"Item, Box, and Manual",Normal wear,,,0.0,1.0,2023-07-08,,,,,,,
5682.0,Red Faction,Playstation 2,988.0,"Item, Box, and Manual",Normal wear,,,0.0,1.0,2023-07-07,,,,ps2,,,
4379.0,Dino Crisis 2,Playstation,13997.0,"Item, Box, and Manual",Normal wear,,,0.0,1.0,2023-07-08,,,,,,,
8822.0,Dead Head Fred,PSP,3963.0,"Item, Box, and Manual",Normal wear,,,0.0,1.0,2024-09-03,,,,,,,
13874.0,Grid,Playstation 3,1044.0,"Item, Box, and Manual",Normal wear,,,0.0,1.0,2024-09-02,,,,,,,
6729.0,Wreckless Yakuza Missions,Xbox,907.0,"Item, Box, and Manual",Normal wear,,,0.0,1.0,2023-07-08,,,,,,,
4246452.0,No Man's Sky,Playstation 5,2099.0,"Item, Box, and Manual",Normal wear,,,0.0,1.0,2026-06-27,,,,,,,
12694.0,Contender 2,Playstation,643.0,"Item, Box, and Manual",Normal wear,,,0.0,1.0,2023-07-08,,,,,,,
19511.0,Cursed Mountain,Wii,1799.0,"Item, Box, and Manual",Normal wear,,,0.0,1.0,2023-07-08,,,,,,,
14360.0,Fatal Fury Battle Archives Volume 1,Playstation 2,1510.0,"Item, Box, and Manual",No blemishes,,,0.0,1.0,2023-07-07,,,,ps2,,,
33834.0,Aliens Colonial Marines,Playstation 3,1000.0,"Item, Box, and Manual",Normal wear,,,0.0,1.0,2024-09-02,,,,,,,
6713.0,Van Helsing,Xbox,1299.0,"Item, Box, and Manual",Normal wear,,,0.0,1.0,2023-07-08,,,,,,,
6560.0,Sega GT 2002 & JSRF,Xbox,1497.0,"Item, Box, and Manual",Normal wear,,,0.0,1.0,2023-07-08,,,,,,,
5372.0,Katamari Damacy,Playstation 2,1990.0,"Item, Box, and Manual",Normal wear,,,0.0,1.0,2023-07-07,,,,ps2,,,
5832.0,Star Wars Racer Revenge,Playstation 2,1400.0,"Item, Box, and Manual",Normal wear,,,0.0,1.0,2023-07-07,,,,ps2,,,
52101.0,Star Wars The Force Unleashed [Greatest Hits],Playstation 3,1099.0,"Item, Box, and Manual",Normal wear,,,0.0,1.0,2024-09-02,,,,,,,
2983.0,Pokemon Pinball,GameBoy Color,2605.0,Item only,Normal wear,,,0.0,1.0,2023-10-15,,,,,,,
68694.0,Left 4 Dead [Game of the Year Platinum Hits],Xbox 360,2411.0,"Item, Box, and Manual",Normal wear,,,0.0,1.0,2024-09-02,,,,,,,
5105.0,Dark Cloud 2,Playstation 2,3850.0,"Item, Box, and Manual",No blemishes,,,0.0,1.0,2023-07-07,,,,ps2,,,
6143.0,Colin McRae Rally 04,Xbox,1155.0,"Item, Box, and Manual",Normal wear,,,0.0,1.0,2023-07-07,,,,,,,
3958.0,WCW vs NWO Revenge,Nintendo 64,955.0,Item only,Normal wear,,,0.0,1.0,2024-09-02,,,,,,,
6098.0,Blood Omen 2,Xbox,1355.0,"Item, Box, and Manual",Normal wear,,,0.0,1.0,2023-07-07,,,,,,,
155160.0,Tony Hawk's Pro Skater 1 and 2,Xbox One,994.0,"Item, Box, and Manual",Normal wear,,,0.0,1.0,2026-06-27,,,,,,,
8489.0,AirForce Delta,Sega Dreamcast,1593.0,"Item, Box, and Manual",Normal wear,,,0.0,1.0,2023-07-08,,,,,,,
34615.0,Super Mario 3D World,Wii U,1217.0,"Item, Box, and Manual",Normal wear,,,0.0,1.0,2026-06-27,,,,,,,
9211.0,Kingdom of Paradise,PSP,600.0,"Item, Box, and Manual",Normal wear,,,0.0,1.0,2024-09-03,,,,,,,
10019.0,Time Stalkers,Sega Dreamcast,3332.0,"Item, Box, and Manual",Normal wear,,,0.0,1.0,2023-07-08,,,,,,,
6242.0,Fight Club,Xbox,1184.0,"Item, Box, and Manual",Normal wear,,,0.0,1.0,2023-07-07,,,,,,,
30875.0,Lord of Arcana,PSP,1174.0,"New Item, Box, and Manual",Normal wear,,,0.0,1.0,2024-09-03,,,,,,,
6182.0,Deathrow,Xbox,2974.0,"Item, Box, and Manual",Normal wear,,,0.0,1.0,2023-07-07,,,,,,,
5996.0,Winback Covert Operations,Playstation 2,1562.0,"Item, Box, and Manual",Normal wear,,,0.0,1.0,2023-07-07,,,,ps2,,,
32162.0,GoldenEye 007: Reloaded,Playstation 3,2192.0,"Item, Box, and Manual",Normal wear,,,0.0,1.0,2024-09-02,,,,,,,
6104.0,Broken Sword The Sleeping Dragon,Xbox,810.0,"Item, Box, and Manual",Normal wear,,,0.0,1.0,2023-07-07,,,,,,,
7078.0,Scooby Doo Mystery,Super Nintendo,1100.0,Item only,Normal wear,,,0.0,1.0,2024-09-02,,,,,,,
36428.0,Mighty No. 9,Wii U,973.0,"Item, Box, and Manual",Normal wear,,,0.0,1.0,2026-06-27,,,,,,,
3587.0,Super Smash Bros. Melee,Gamecube,6679.0,"Item, Box, and Manual",Normal wear,,,0.0,1.0,2023-07-08,,,,,,,
50006.0,The Incredible Hulk Ultimate Destruction [Greatest Hits],Playstation 2,3247.0,"Item, Box, and Manual",Normal wear,,,0.0,1.0,2023-07-07,,,,ps2,,,
5468.0,Midway Arcade Treasures 3,Playstation 2,1554.0,"Item, Box, and Manual",Normal wear,,,0.0,1.0,2023-07-07,,,,ps2,,,
7360.0,Jurassic Park Part 2: The Chaos Continues,Super Nintendo,1586.0,Item only,Normal wear,,,0.0,1.0,2024-09-02,,,,,,,
13279.0,Street Fighter Alpha Anthology,Playstation 2,1500.0,"Item, Box, and Manual",Normal wear,,,0.0,1.0,2023-07-07,,,,ps2,,,
5686.0,Resident Evil 4,Playstation 2,2275.0,"Item, Box, and Manual",Normal wear,,,0.0,1.0,2023-07-07,,,,ps2,,,
5695.0,Ring of Red,Playstation 2,3633.0,"Item, Box, and Manual",Normal wear,,,0.0,1.0,2023-07-07,,,,ps2,,,
32802.0,Devil May Cry HD Collection,Playstation 3,1450.0,"Item, Box, and Manual",Normal wear,,,0.0,1.0,2024-09-02,,,,,,,
13104.0,Evolution the World of Sacred Device,Sega Dreamcast,2995.0,"Item, Box, and Manual",Normal wear,,,0.0,1.0,2023-07-08,,,,,,,
6438.0,NBA Jam,Xbox,1471.0,"Item, Box, and Manual",Normal wear,,,0.0,1.0,2023-07-07,,,,,,,
3918.0,Star Fox 64,Nintendo 64,3485.0,Item only,Normal wear,,,0.0,1.0,2024-09-03,,,,,,,
9827.0,Splinter Cell Essentials,PSP,1299.0,"Item, Box, and Manual",Normal wear,,,0.0,1.0,2024-09-03,,,,,,,
6612.0,Star Wars Battlefront 2,Xbox,1499.0,"Item, Box, and Manual",Normal wear,,,0.0,1.0,2023-07-08,,,,,,,
52674.0,Red Dead Redemption 2,Xbox One,1372.0,"Item, Box, and Manual",Normal wear,,,0.0,1.0,2026-06-27,,,,,,,
2996192.0,Fallout: New Vegas [Ultimate Edition Platinum Hits],Xbox 360,3062.0,"Item, Box, and Manual",Normal wear,,,0.0,1.0,2024-09-02,,,,,,,
38432.0,Destruction Derby [Long Box],Playstation,1988.0,"Item, Box, and Manual",Normal wear,,,0.0,1.0,2023-07-08,,,,,,,
70223.0,Resident Evil 3,Playstation 4,1499.0,"Item, Box, and Manual",Normal wear,,,0.0,1.0,2026-06-27,,,,,,,
52060.0,Grand Theft Auto: Episodes from Liberty City [Greatest Hits],Playstation 3,1043.0,"Item, Box, and Manual",Normal wear,,,0.0,1.0,2024-09-02,,,,,,,
8741.0,Coach K College Basketball,Sega Genesis,1275.0,Item only,Normal wear,,,0.0,1.0,2024-09-03,,,,,,,
67946.0,Star Wars Starfighter Special Edition [Platinum Hits],Xbox,1042.0,"Item, Box, and Manual",Normal wear,,,0.0,1.0,2023-07-08,,,,,,,
34314.0,Dishonored [Game of the Year Edition],Xbox 360,1075.0,"Item, Box, and Manual",Normal wear,,,0.0,1.0,2024-09-02,,,,,,,
9328.0,Metal Gear Solid Portable Ops,PSP,2744.0,"Item, Box, and Manual",Normal wear,,,0.0,1.0,2024-09-03,,,,,,,
33395.0,ZombiU,Wii U,868.0,"Item, Box, and Manual",Normal wear,,,0.0,1.0,2026-06-27,,,,,,,
16221.0,Skate 2,Xbox 360,3250.0,"Item, Box, and Manual",Normal wear,,,0.0,1.0,2024-09-02,,,,,,,
5649.0,Prince of Persia Sands of Time,Playstation 2,1000.0,"Item, Box, and Manual",Normal wear,,,0.0,1.0,2023-07-07,,,,ps2,,,
12723.0,Eternal Eyes,Playstation,1875.0,"Item, Box, and Manual",Normal wear,,,0.0,1.0,2023-07-08,,,,,,,
21311.0,Alan Wake,Xbox 360,1246.0,"Item, Box, and Manual",Normal wear,,,0.0,1.0,2024-09-02,,,,,,,
6901.0,Donkey Kong Country 2,Super Nintendo,2249.0,Item only,Normal wear,,,0.0,1.0,2024-09-02,,,,,,,
35337.0,Dragon Age: Inquisition [Deluxe Edition],Playstation 3,877.0,"Item, Box, and Manual",Normal wear,,,0.0,1.0,2024-09-02,,,,,,,
34458.0,Batman: Arkham Origins,Playstation 3,1252.0,"Item, Box, and Manual",Normal wear,,,0.0,1.0,2024-09-02,,,,,,,
11378.0,Arx Fatalis,Xbox,5800.0,"Item, Box, and Manual",Normal wear,,,0.0,1.0,2023-07-07,,,,,,,
9508.0,Orange Box,Xbox 360,2999.0,"Item, Box, and Manual",Normal wear,,,0.0,1.0,2024-09-02,,,,,,,
35644.0,Borderlands: The Handsome Collection,Xbox One,712.0,"Item, Box, and Manual",Normal wear,,,0.0,1.0,2026-06-27,,,,,,,
5764.0,The Simpsons Hit and Run,Playstation 2,6950.0,"Item, Box, and Manual",Normal wear,,,0.0,1.0,2023-07-07,,,,ps2,,,
5450.0,Mega Man X Collection,Playstation 2,1441.0,"Item, Box, and Manual",Normal wear,,,0.0,1.0,2023-07-07,,,,ps2,,,
4436.0,Final Fantasy VIII,Playstation,2266.0,"Item, Box, and Manual",Normal wear,,,0.0,1.0,2023-07-08,,,,,,,
6075.0,Azurik Rise of Perathia,Xbox,1252.0,"Item, Box, and Manual",Normal wear,,,0.0,1.0,2023-07-07,,,,,,,
4769.0,Spyro the Dragon,Playstation,2318.0,"Item, Box, and Manual",Normal wear,,,0.0,1.0,2023-07-08,,,,,,,
22072.0,Front Mission Evolved,Xbox 360,1110.0,"Item, Box, and Manual",Normal wear,,,0.0,1.0,2024-09-02,,,,,,,
5885.0,Test Drive,Playstation 2,756.0,"Item, Box, and Manual",Normal wear,,,0.0,1.0,2023-07-07,,,,ps2,,,
7460.0,Super Gameboy,Super Nintendo,2905.0,Item only,Normal wear,,,0.0,1.0,2024-09-03,,,,,,,
6085.0,Beat Down Fists of Vengeance,Xbox,1690.0,"Item, Box, and Manual",Normal wear,,,0.0,1.0,2023-07-07,,,,,,,
6686.0,Tony Hawk 2x,Xbox,1500.0,"Item, Box, and Manual",Normal wear,,,0.0,1.0,2023-07-07,,,,,,,
34612.0,Worms Revolution Collection,Playstation 3,2499.0,"Item, Box, and Manual",Normal wear,,,0.0,1.0,2024-09-02,,,,,,,
14565.0,Too Human,Xbox 360,732.0,"Item, Box, and Manual",Normal wear,,,0.0,1.0,2024-09-02,,,,,,,
5987.0,Way of the Samurai,Playstation 2,2750.0,"Item, Box, and Manual",No blemishes,,,0.0,1.0,2023-07-07,,,,ps2,,,
9022.0,6-Pak,Sega Genesis,1263.0,Item only,Normal wear,,,0.0,1.0,2024-09-03,,,,,,,
6286.0,Gunvalkyrie,Xbox,2999.0,"Item, Box, and Manual",Normal wear,,,0.0,1.0,2023-07-07,,,,,,,
16274.0,F.E.A.R. 2 Project Origin,Xbox 360,1379.0,"Item, Box, and Manual",Normal wear,,,0.0,1.0,2024-09-02,,,,,,,
7346.0,Heavenly Sword,Playstation 3,1556.0,"Item, Box, and Manual",Normal wear,,,0.0,1.0,2024-09-02,,,,,,,
7315.0,Duke Nukem Land of the Babes,Playstation,2285.0,Item only,Normal wear,,,0.0,1.0,2023-07-08,,,,,,,
5898.0,The Incredible Hulk Ultimate Destruction,Playstation 2,3877.0,"Item, Box, and Manual",Normal wear,,,0.0,1.0,2023-07-07,,,,ps2,,,
5081.0,Contra Shattered Soldier,Playstation 2,2106.0,"Item, Box, and Manual",No blemishes,,,0.0,1.0,2023-07-07,,,,ps2,,,
6594.0,Splinter Cell,Xbox,748.0,"Item, Box, and Manual",Normal wear,,,0.0,1.0,2023-07-08,,,,,,,
22162.0,Medal of Honor,Playstation 3,970.0,"Item, Box, and Manual",Normal wear,,,0.0,1.0,2024-09-02,,,,,,,
11865.0,Super Smash Bros. Brawl,Wii,3998.0,"Item, Box, and Manual",Normal wear,,,0.0,2.0,2023-07-08,,,,,,,
6026.0,Xenosaga 2,Playstation 2,4250.0,"Item, Box, and Manual",Normal wear,,,0.0,1.0,2023-07-07,,,,ps2,,,
67964.0,Ghost Recon Island Thunder [Platinum Hits],Xbox,557.0,"Item, Box, and Manual",Normal wear,,,0.0,1.0,2023-07-07,,,,,,,
5185.0,Eternal Ring,Playstation 2,2143.0,"Item, Box, and Manual",Normal wear,,,0.0,1.0,2023-07-07,,,,ps2,,,
45082.0,Star Fox Zero & Star Fox Guard Bundle,Wii U,2997.0,"Item, Box, and Manual",Normal wear,,,0.0,1.0,2026-06-27,,,,,,,
6699.0,True Crime New York City,Xbox,1073.0,"Item, Box, and Manual",Normal wear,,,0.0,1.0,2023-07-08,,,,,,,
3471.0,Phantasy Star Online III Card Revolution,Gamecube,4750.0,"Item, Box, and Manual",Normal wear,,,0.0,1.0,2023-07-08,,,,,,,
6308.0,Hunter the Reckoning Redeemer,Xbox,1780.0,"Item, Box, and Manual",Normal wear,,,0.0,1.0,2023-07-07,,,,,,,
2073.0,Crash Bandicoot 2 N-tranced,GameBoy Advance,1058.0,Item only,Torn label,,,0.0,1.0,2023-10-15,,,,,,,
71771.0,Tekken Hybrid [Limited Edition],Playstation 3,5872.0,"Item, Box, and Manual",Normal wear,,,0.0,1.0,2024-09-02,,,,,,,
6025.0,Xenosaga,Playstation 2,3150.0,"Item, Box, and Manual",Normal wear,,,0.0,1.0,2023-07-07,,,,ps2,,,
19736.0,Uncharted 2: Among Thieves,Playstation 3,813.0,"Item, Box, and Manual",Normal wear,,,0.0,1.0,2024-09-02,,,,,,,
4896.0,Warzone 2100,Playstation,1499.0,"Item, Box, and Manual",Normal wear,,,0.0,1.0,2023-07-08,,,,,,,
9266.0,Madden 97,Sega Genesis,486.0,Item only,Normal wear,,,0.0,1.0,2024-09-03,,,,,,,
11930.0,Patapon,PSP,1341.0,"Item, Box, and Manual",Normal wear,,,0.0,1.0,2024-09-03,,,,,,,
2727.0,Zelda Link to the Past,GameBoy Advance,2599.0,Item only,Normal wear,,,0.0,1.0,2026-06-27,,,,,,,
5281.0,Gran Turismo 4,Playstation 2,1380.0,"Item, Box, and Manual",Normal wear,,,0.0,1.0,2023-07-07,,,,ps2,,,
5140.0,Dragon Ball Z Budokai,Playstation 2,1499.0,"Item, Box, and Manual",No blemishes,,,0.0,1.0,2023-07-07,,,,ps2,,,
31464.0,Infamous 2,Playstation 3,1000.0,"Item, Box, and Manual",Normal wear,,,0.0,1.0,2024-09-02,,,,,,,
33941.0,BioShock Infinite,Playstation 3,573.0,"Item, Box, and Manual",Normal wear,,,0.0,1.0,2024-09-02,,,,,,,
3406.0,MLB Slugfest 2003,Gamecube,2188.0,"Item, Box, and Manual",Normal wear,,,0.0,1.0,2023-07-08,,,,,,,
6273.0,GoldenEye Rogue Agent,Xbox,850.0,"Item, Box, and Manual",Normal wear,,,0.0,1.0,2023-07-07,,,,,,,
36521.0,Quantum Break,Xbox One,1160.0,"Item, Box, and Manual",Normal wear,,,0.0,1.0,2026-06-27,,,,,,,
6521.0,Project Gotham Racing,Xbox,897.0,"Item, Box, and Manual",Normal wear,,,0.0,1.0,2023-07-08,,,,,,,
14293.0,Elder Scrolls IV Oblivion [Game of the Year],Xbox 360,1097.0,"Item, Box, and Manual",Normal wear,,,0.0,1.0,2024-09-02,,,,,,,
4283.0,Broken Sword 2,Playstation,1849.0,"Item, Box, and Manual",Normal wear,,,0.0,1.0,2023-07-07,,,,PlayStation,,,
3884.0,Rayman 2 The Great Escape,Nintendo 64,2940.0,Item only,Normal wear,,,0.0,1.0,2024-09-03,,,,,,,
12846.0,Rush Down,Playstation,779.0,"Item, Box, and Manual",Normal wear,,,0.0,1.0,2023-07-08,,,,,,,
52112.0,Uncharted Drake's Fortune [Greatest Hits],Playstation 3,645.0,"Item, Box, and Manual",Normal wear,,,0.0,1.0,2024-09-02,,,,,,,
6611.0,Star Wars Battlefront,Xbox,1084.0,"Item, Box, and Manual",Normal wear,,,0.0,1.0,2023-07-08,,,,,,,
10788.0,Mario Party 8,Wii,2822.0,"Item, Box, and Manual",Normal wear,,,0.0,1.0,2023-07-08,,,,,,,
6282.0,Guilty Gear X2 Reload,Xbox,1173.0,"Item, Box, and Manual",Normal wear,,,0.0,1.0,2023-07-07,,,,,,,
37668.0,Silent Hill [Greatest Hits],Playstation,18175.0,"Item, Box, and Manual",Normal wear,,,0.0,1.0,2023-07-08,,,,,,,
11043.0,Capcom Classics Collection Volume 2,Playstation 2,1613.0,"Item, Box, and Manual",Torn label,,,0.0,1.0,2023-07-07,,,,ps2,,,
19965.0,Harvest Moon: Animal Parade,Wii,2949.0,"Item, Box, and Manual",Normal wear,,,0.0,1.0,2023-07-08,,,,,,,
40357.0,Rugrats in Paris [Gray Cart],Nintendo 64,1200.0,Item only,Normal wear,,,0.0,1.0,2024-09-03,,,,,,,
17643.0,The Godfather II,Xbox 360,1869.0,"Item, Box, and Manual",Normal wear,,,0.0,1.0,2024-09-02,,,,,,,
9667.0,Road Rash II,Sega Genesis,1153.0,Item only,Normal wear,,,0.0,1.0,2024-09-03,,,,,,,
35561.0,The Order: 1886,Playstation 4,1279.0,"Item, Box, and Manual",Normal wear,,,0.0,1.0,2026-06-27,,,,,,,
1549149.0,Control [Ultimate Edition],Xbox Series X,1999.0,"Item, Box, and Manual",Normal wear,,,0.0,1.0,2026-06-27,,,,,,,
7323.0,Excite Truck,Wii,1105.0,"Item, Box, and Manual",Normal wear,,,0.0,1.0,2023-07-08,,,,,,,
31910.0,Silent Hill HD Collection,Playstation 3,2318.0,"Item, Box, and Manual",Normal wear,,,0.0,1.0,2024-09-02,,,,,,,
6684.0,Tom Clancy's Classic Trilogy,Xbox,937.0,"Item, Box, and Manual",Normal wear,,,0.0,1.0,2023-07-08,,,,,,,
10868.0,Mass Effect,Xbox 360,875.0,"Item, Box, and Manual",Normal wear,,,0.0,1.0,2024-09-02,,,,,,,
3653.0,WWE Crush Hour,Gamecube,2499.0,"Item, Box, and Manual",Normal wear,,,0.0,1.0,2023-07-08,,,,,,,
72400.0,Sonic Adventure DX [Players Choice],Gamecube,3999.0,"Item, Box, and Manual",Normal wear,,,0.0,1.0,2023-07-08,,,,,,,
6372.0,Max Payne 2 Fall of Max Payne,Xbox,1697.0,"Item, Box, and Manual",Normal wear,,,0.0,1.0,2023-07-07,,,,,,,
5275.0,Godzilla Save the Earth,Playstation 2,6257.0,"Item, Box, and Manual",Normal wear,,,0.0,1.0,2023-07-07,,,,ps2,,,
6614.0,Star Wars Jedi Knight Jedi Academy,Xbox,1443.0,"Item, Box, and Manual",Normal wear,,,0.0,1.0,2023-07-08,,,,,,,
6566.0,Shadow the Hedgehog,Xbox,4999.0,"Item, Box, and Manual",Normal wear,,,0.0,1.0,2023-07-08,,,,,,,
6586.0,Soul Calibur II,Xbox,1181.0,"Item, Box, and Manual",Normal wear,,,0.0,1.0,2023-07-08,,,,,,,
12635.0,Golden Nugget,Playstation,599.0,"Item, Box, and Manual",Normal wear,,,0.0,1.0,2023-07-08,,,,,,,
13819.0,Bulls Vs Blazers and the NBA Playoffs,Super Nintendo,1849.0,"Item, Box, and Manual",Normal wear,,,0.0,1.0,2024-09-02,,,,,,,
3511.0,Resident Evil Zero,Gamecube,2679.0,"Item, Box, and Manual",Normal wear,,,0.0,1.0,2023-07-08,,,,,,,
8591.0,Beautiful Katamari,Xbox 360,1699.0,"Item, Box, and Manual",Normal wear,,,0.0,1.0,2024-09-02,,,,,,,
6221.0,007 Everything or Nothing,Xbox,1149.0,"Item, Box, and Manual",Normal wear,,,0.0,1.0,2023-07-07,,,,,,,
54000.0,Sonic the Hedgehog 2 [Not for Resale],Sega Genesis,881.0,Item only,Normal wear,,,0.0,1.0,2024-09-03,,,,,,,
67990.0,Oddworld Munch's Oddysee [Platinum Hits],Xbox,935.0,"Item, Box, and Manual",Normal wear,,,0.0,1.0,2023-07-08,,,,,,,
6141.0,Cold Fear,Xbox,3613.0,"Item, Box, and Manual",Normal wear,,,0.0,1.0,2023-07-07,,,,,,,
37226.0,Resident Evil 7 Biohazard,Playstation 4,1124.0,"Item, Box, and Manual",Normal wear,,,0.0,1.0,2026-06-27,,,,,,,
3860.0,Off Road Challenge,Nintendo 64,1716.0,Item only,Normal wear,,,0.0,1.0,2024-09-03,,,,,,,
3268.0,Enter the Matrix,Gamecube,1574.0,"Item, Box, and Manual",Normal wear,,,0.0,1.0,2023-07-08,,,,,,,
3737.0,Dark Rift,Nintendo 64,1060.0,Item only,Normal wear,,,0.0,1.0,2024-09-03,,,,,,,
13906.0,World Heroes Anthology,Playstation 2,1667.0,"Item, Box, and Manual",Normal wear,,,0.0,1.0,2023-07-07,,,,ps2,,,
6646.0,Tenchu Return from Darkness,Xbox,1305.0,"Item, Box, and Manual",Normal wear,,,0.0,1.0,2023-07-08,,,,,,,
3208.0,Call of Duty 2 Big Red One,Gamecube,1500.0,"Item, Box, and Manual",Normal wear,,,0.0,1.0,2023-07-08,,,,,,,
22173.0,Borderlands [Game of the Year],Xbox 360,755.0,"Item, Box, and Manual",Normal wear,,,0.0,1.0,2024-09-02,,,,,,,
6617.0,Star Wars Knights of the Old Republic,Xbox,1495.0,"Item, Box, and Manual",Normal wear,,,0.0,1.0,2023-07-08,,,,,,,
7077.0,Saturday Night Slam Masters,Super Nintendo,2999.0,Item only,Normal wear,,,0.0,1.0,2024-09-02,,,,,,,
21051.0,Calling,Wii,6749.0,"Item, Box, and Manual",Normal wear,,,0.0,1.0,2023-07-08,,,,,,,
67884.0,007 Nightfire [Platinum Hits],Xbox,873.0,"Item, Box, and Manual",Normal wear,,,0.0,1.0,2023-07-07,,,,,,,
34065.0,The Last of Us,Playstation 3,833.0,"Item, Box, and Manual",Normal wear,,,0.0,1.0,2024-09-02,,,,,,,
3322011.0,Grand Theft Auto Liberty City Stories [Greatest Hits],PSP,2423.0,"Item, Box, and Manual",Normal wear,,,0.0,1.0,2024-09-03,,,,,,,
14285.0,Mighty Morphin Power Rangers,Sega Genesis,1105.0,Item only,Normal wear,,,0.0,1.0,2024-09-03,,,,,,,
10657.0,Perfect Dark Zero,Xbox 360,998.0,"Item, Box, and Manual",Normal wear,,,0.0,1.0,2024-09-02,,,,,,,
4842.0,Time Crisis,Playstation,2384.0,"Item, Box, and Manual",Normal wear,,,0.0,1.0,2023-07-08,,,,,,,
4545.0,Lost World Jurassic Park,Playstation,2000.0,"Item, Box, and Manual",Normal wear,,,0.0,1.0,2023-07-08,,,,,,,
10600.0,Bard's Tale,Xbox,949.0,"Item, Box, and Manual",Normal wear,,,0.0,1.0,2023-07-07,,,,,,,
9046.0,Golden Axe,Sega Genesis,2114.0,Item only,Normal wear,,,0.0,1.0,2024-09-03,,,,,,,
8699.0,Carrier,Sega Dreamcast,4924.0,"Item, Box, and Manual",Normal wear,,,0.0,1.0,2023-07-08,,,,,,,
31772.0,Ico & Shadow of the Colossus Collection,Playstation 3,1799.0,"Item, Box, and Manual",Normal wear,,,0.0,1.0,2024-09-02,,,,,,,
33002.0,God of War Saga Dual Pack,Playstation 3,2869.0,"Item, Box, and Manual",Normal wear,,,0.0,1.0,2024-09-02,,,,,,,
12097.0,Syphon Filter,Playstation,1275.0,"Item, Box, and Manual",Normal wear,,,0.0,1.0,2023-07-08,,,,,,,
38463.0,Off-World Interceptor Extreme [Long Box],Playstation,1999.0,"Item, Box, and Manual",Normal wear,,,0.0,1.0,2023-07-08,,,,,,,
10043.0,Tomb Raider Last Revelation,Sega Dreamcast,1699.0,"Item, Box, and Manual",Normal wear,,,0.0,1.0,2023-07-08,,,,,,,
33801.0,Ni No Kuni Wrath of the White Witch,Playstation 3,899.0,"Item, Box, and Manual",Normal wear,,,0.0,1.0,2024-09-02,,,,,,,
5891.0,The Getaway,Playstation 2,1164.0,"Item, Box, and Manual",Normal wear,,,0.0,1.0,2023-07-07,,,,ps2,,,
35867.0,NASCAR 98 [Collector's Edition],Playstation,829.0,"Item, Box, and Manual",Normal wear,,,0.0,1.0,2023-07-08,,,,,,,
5687.0,Resident Evil Code Veronica X,Playstation 2,3647.0,"Item, Box, and Manual",Normal wear,,,0.0,1.0,2023-07-07,,,,ps2,,,
32318.0,Ultimate Marvel vs Capcom 3,Playstation 3,1597.0,"Item, Box, and Manual",Normal wear,,,0.0,1.0,2024-09-02,,,,,,,
10884.0,Soul Calibur Legends,Wii,1057.0,"Item, Box, and Manual",Normal wear,,,0.0,1.0,2023-07-08,,,,,,,
10660.0,Prey,Xbox 360,864.0,"Item, Box, and Manual",Normal wear,,,0.0,1.0,2024-09-02,,,,,,,
5847.0,Stuntman,Playstation 2,764.0,"Item, Box, and Manual",Normal wear,,,0.0,1.0,2023-07-07,,,,ps2,,,
3916.0,Star Wars Shadows of the Empire,Nintendo 64,1738.0,Item only,Normal wear,,,0.0,1.0,2024-09-03,,,,,,,
31507.0,F.E.A.R. 3,Xbox 360,1497.0,"Item, Box, and Manual",Normal wear,,,0.0,1.0,2024-09-02,,,,,,,
35544.0,Sunset Overdrive,Xbox One,719.0,"Item, Box, and Manual",Normal wear,,,0.0,1.0,2026-06-27,,,,,,,
12935.0,WCW Backstage Assault,Playstation,975.0,"Item, Box, and Manual",Normal wear,,,0.0,1.0,2023-07-08,,,,,,,
5378.0,Killer 7,Playstation 2,3737.0,"Item, Box, and Manual",Normal wear,,,0.0,1.0,2023-07-07,,,,ps2,,,
10642.0,Lost Planet: Extreme Condition,Xbox 360,871.0,"Item, Box, and Manual",Normal wear,,,0.0,1.0,2024-09-02,,,,,,,
5285.0,Grand Theft Auto San Andreas,Playstation 2,1949.0,"Item, Box, and Manual",Normal wear,,,0.0,1.0,2023-07-07,,,,ps2,,,
35624.0,Final Fantasy Type-0 HD,Xbox One,784.0,"Item, Box, and Manual",Normal wear,,,0.0,1.0,2026-06-27,,,,,,,
21561.0,Crackdown 2,Xbox 360,839.0,"Item, Box, and Manual",Normal wear,,,0.0,1.0,2024-09-02,,,,,,,
63245.0,Final Fantasy VII Remake,Playstation 4,1624.0,"Item, Box, and Manual",Normal wear,,,0.0,1.0,2026-06-27,,,,,,,
3943.0,Turok 2 Seeds of Evil,Nintendo 64,1344.0,Item only,Normal wear,,,0.0,1.0,2024-09-03,,,,,,,
8750.0,College Football's National Championship,Sega Genesis,467.0,Item only,Normal wear,,,0.0,1.0,2024-09-03,,,,,,,
4225268.0,Sega Genesis Mini 2,Sega Genesis,18972.0,"Item, Box, and Manual",Normal wear,,,0.0,1.0,2026-06-27,,,,,,,
3773.0,Gauntlet Legends,Nintendo 64,5050.0,Item only,Normal wear,,,0.0,1.0,2024-09-02,,,,,,,
6080.0,Batman Begins,Xbox,1708.0,"Item, Box, and Manual",Normal wear,,,0.0,1.0,2023-07-07,,,,,,,
4704.0,Ridge Racer Revolution,Playstation,2595.0,"Item, Box, and Manual",Normal wear,,,0.0,1.0,2023-07-08,,,,,,,
19487.0,Wolfenstein,Xbox 360,1998.0,"Item, Box, and Manual",Normal wear,,,0.0,1.0,2024-09-02,,,,,,,
7138.0,Super Mario All-Stars,Super Nintendo,2367.0,Item only,Normal wear,,,0.0,1.0,2024-09-02,,,,,,,
37626.0,Die Hard Trilogy [Greatest Hits],Playstation,1199.0,"Item, Box, and Manual",Normal wear,,,0.0,1.0,2023-07-08,,,,,,,
10341.0,Virtua Fighter 5 Online,Xbox 360,1201.0,"Item, Box, and Manual",Normal wear,,,0.0,1.0,2024-09-02,,,,,,,
4988.0,Army Men Sarge's Heroes 2,Playstation 2,1999.0,"Item, Box, and Manual",No blemishes,,,0.0,1.0,2023-07-07,,,,ps2,,,
4773.0,Star Ocean: The Second Story,Playstation,3393.0,"Item, Box, and Manual",Normal wear,,,0.0,1.0,2023-07-07,,,,PlayStation,,,
11092.0,Battlestar Galactica,Xbox,1384.0,"Item, Box, and Manual",Normal wear,,,0.0,1.0,2023-07-07,,,,,,,
21180.0,Splinter Cell: Conviction,Xbox 360,897.0,"Item, Box, and Manual",Normal wear,,,0.0,1.0,2024-09-02,,,,,,,
11576.0,Unreal II The Awakening,Xbox,502.0,"Item, Box, and Manual",Normal wear,,,0.0,1.0,2023-07-08,,,,,,,
4454.0,Galerians,Playstation,10627.0,"Item, Box, and Manual",Normal wear,,,0.0,1.0,2023-07-08,,,,,,,
3956.0,WCW Mayhem,Nintendo 64,966.0,Item only,Normal wear,,,0.0,1.0,2024-09-02,,,,,,,
3498.0,Rampage Total Destruction,Gamecube,2203.0,"Item, Box, and Manual",Normal wear,,,0.0,1.0,2023-07-08,,,,,,,
16017.0,Animal Crossing City Folk,Wii,2302.0,"Item, Box, and Manual",Normal wear,,,0.0,1.0,2023-07-08,,,,,,,
31455.0,Grand Theft Auto Vice City,Xbox,1101.0,"Item, Box, and Manual",Normal wear,,,0.0,1.0,2023-07-07,,,,,,,
19639.0,Halo 3: ODST,Xbox 360,1175.0,"Item, Box, and Manual",Normal wear,,,0.0,1.0,2024-09-02,,,,,,,
3697.0,Banjo-Tooie,Nintendo 64,3600.0,Item only,Normal wear,,,0.0,1.0,2024-09-02,,,,,,,
9208.0,King of Fighters XI,Playstation 2,1580.0,"Item, Box, and Manual",Normal wear,,,0.0,1.0,2023-07-07,,,,ps2,,,
11895.0,Dark Sector,Xbox 360,824.0,"Item, Box, and Manual",Normal wear,,,0.0,1.0,2024-09-02,,,,,,,
5186.0,Ever Grace,Playstation 2,2777.0,"Item, Box, and Manual",Normal wear,,,0.0,1.0,2023-07-07,,,,ps2,,,
3740.0,Diddy Kong Racing,Nintendo 64,2599.0,Item only,Normal wear,,,0.0,1.0,2024-09-02,,,,,,,
4992.0,ATV Offroad Fury,Playstation 2,320.0,Item only,Normal wear,,,0.0,1.0,2023-07-07,,,,ps2,,,
21097.0,Just Cause 2,Playstation 3,744.0,"Item, Box, and Manual",Normal wear,,,0.0,1.0,2024-09-02,,,,,,,
11519.0,Breakdown,Xbox,2198.0,"Item, Box, and Manual",Normal wear,,,0.0,1.0,2023-07-07,,,,,,,
6542.0,Reign of Fire,Xbox,850.0,"Item, Box, and Manual",Normal wear,,,0.0,1.0,2023-07-08,,,,,,,
10562.0,Super Mario Galaxy,Wii,1853.0,"Item, Box, and Manual",Normal wear,,,0.0,1.0,2023-07-08,,,,,,,
5977.0,Virtua Fighter 4,Playstation 2,961.0,"Item, Box, and Manual",Normal wear,,,0.0,1.0,2023-07-07,,,,ps2,,,
5958.0,Twisted Metal Black,Playstation 2,1997.0,"Item, Box, and Manual",Normal wear,,,0.0,1.0,2023-07-07,,,,ps2,,,
2077.0,Crash Nitro Kart,GameBoy Advance,915.0,Item only,Normal wear,,,0.0,1.0,2026-06-27,,,,,,,
7170.0,Tetris 2,Super Nintendo,999.0,Item only,Normal wear,,,0.0,1.0,2024-09-02,,,,,,,
10621.0,Enchanted Arms,Xbox 360,1747.0,"Item, Box, and Manual",Normal wear,,,0.0,1.0,2024-09-02,,,,,,,
9705.0,Sega Bass Fishing,Sega Dreamcast,1625.0,"Item, Box, and Manual",Normal wear,,,0.0,1.0,2023-07-08,,,,,,,
7155.0,Super Star Wars Return of the Jedi,Super Nintendo,1799.0,Item only,Normal wear,,,0.0,1.0,2024-09-02,,,,,,,
4926.0,Xenogears,Playstation,16000.0,"Item, Box, and Manual",Normal wear,,,0.0,1.0,2023-07-08,,,,,,,
5928.0,Time Splitters,Playstation 2,1999.0,"Item, Box, and Manual",Normal wear,,,0.0,1.0,2023-07-07,,,,ps2,,,
8897.0,Ecco the Dolphin,Sega Genesis,1222.0,Item only,Normal wear,,,0.0,1.0,2024-09-03,,,,,,,
2286.0,Kirby: Nightmare in Dream Land,GameBoy Advance,3101.0,Item only,Normal wear,,,0.0,1.0,2026-06-27,,,,,,,
3460.0,Odama,Gamecube,2494.0,"Item, Box, and Manual",Normal wear,,,0.0,1.0,2023-07-08,,,,,,,
9519.0,Pac-Man 2 The New Adventures,Sega Genesis,546.0,Item only,Normal wear,,,0.0,1.0,2024-09-03,,,,,,,
3375.0,Mario Kart Double Dash,Gamecube,7750.0,"Item, Box, and Manual",Normal wear,,,0.0,1.0,2023-07-08,,,,,,,
13767.0,Eve of Extinction,Playstation 2,1499.0,"Item, Box, and Manual",Normal wear,,,0.0,1.0,2023-07-07,,,,ps2,,,
4754.0,Soul Blade,Playstation,2499.0,"Item, Box, and Manual",Normal wear,,,0.0,1.0,2023-07-08,,,,,,,
9717.0,Sega Smash Pack Volume 1,Sega Dreamcast,2099.0,"Item, Box, and Manual",Normal wear,,,0.0,1.0,2023-07-08,,,,,,,
4885.0,Vigilante 8 2nd Offense,Playstation,3633.0,"Item, Box, and Manual",Normal wear,,,0.0,1.0,2023-07-08,,,,,,,
5342.0,Ico,Playstation 2,3223.0,"Item, Box, and Manual",Normal wear,,,0.0,1.0,2023-07-07,,,,ps2,,,
2215.0,Golden Sun,GameBoy Advance,3499.0,Item only,Normal wear,,,0.0,1.0,2026-06-27,,,,,,,
33789.0,Bioshock Ultimate Rapture Edition,Xbox 360,1734.0,"Item, Box, and Manual",Normal wear,,,0.0,1.0,2024-09-02,,,,,,,
3681.0,Armorines Project SWARM,Nintendo 64,1391.0,Item only,Normal wear,,,0.0,1.0,2024-09-03,,,,,,,
2216.0,Golden Sun The Lost Age,GameBoy Advance,3500.0,Item only,Normal wear,,,0.0,1.0,2026-06-27,,,,,,,
3971.0,WWF Warzone,Nintendo 64,857.0,Item only,Normal wear,,,0.0,1.0,2024-09-03,,,,,,,
37635.0,Final Fantasy Anthology [Greatest Hits],Playstation,2144.0,"Item, Box, and Manual",Normal wear,,,0.0,1.0,2023-07-08,,,,,,,
6488.0,Night Caster,Xbox,1299.0,"Item, Box, and Manual",Normal wear,,,0.0,1.0,2023-07-08,,,,,,,
6491.0,Ninja Gaiden,Xbox,937.0,"Item, Box, and Manual",Normal wear,,,0.0,1.0,2023-07-08,,,,,,,
5439.0,Marvel vs Capcom 2,Playstation 2,9392.0,"Item, Box, and Manual",No blemishes,,,200.0,1.0,2023-07-07,,,,ps2,,,
33791.0,DMC: Devil May Cry,Playstation 3,989.0,"Item, Box, and Manual",Normal wear,,,0.0,1.0,2024-09-02,,,,,,,
45711.0,Driver 2 [Greatest Hits],Playstation,1232.0,"Item, Box, and Manual",Normal wear,,,0.0,1.0,2023-07-08,,,,,,,
40364.0,Wolfenstein II: The New Colossus,Xbox One,899.0,"Item, Box, and Manual",Normal wear,,,0.0,1.0,2026-06-27,,,,,,,
37321.0,Zelda Breath of the Wild,Wii U,1979.0,"Item, Box, and Manual",Normal wear,,,0.0,1.0,2026-06-27,,,,,,,
8727350.0,Mighty Morphin Power Rangers: Rita's Rewind,Playstation 5,2897.0,"Item, Box, and Manual",Normal wear,,,0.0,1.0,2026-06-27,,,,,,,
11614.0,New Legends,Xbox,670.0,"Item, Box, and Manual",Normal wear,,,0.0,1.0,2023-07-08,,,,,,,
20097.0,MLB 2000,Playstation,762.0,"Item, Box, and Manual",Normal wear,,,0.0,1.0,2023-07-08,,,,,,,
12795.0,OverBlood,Playstation,3928.0,"Item, Box, and Manual",Normal wear,,,0.0,1.0,2023-07-08,,,,,,,
3759.0,Fighters Destiny,Nintendo 64,1691.0,Item only,Normal wear,,,0.0,1.0,2024-09-03,,,,,,,
8838.0,Demolition Racer,Sega Dreamcast,1438.0,"Item, Box, and Manual",Normal wear,,,0.0,1.0,2023-07-08,,,,,,,
19508.0,Fallout 3 Add-on Broken Steel and Point Lookout,Xbox 360,913.0,"Item, Box, and Manual",Normal wear,,,0.0,1.0,2024-09-02,,,,,,,
5853.0,Summoner,Playstation 2,1218.0,"Item, Box, and Manual",Normal wear,,,0.0,1.0,2023-07-07,,,,ps2,,,
16019.0,Castlevania Judgment,Wii,2099.0,"Item, Box, and Manual",Normal wear,,,0.0,1.0,2023-07-08,,,,,,,
6195.0,Dr. Muto,Xbox,1397.0,"Item, Box, and Manual",Normal wear,,,0.0,1.0,2023-07-07,,,,,,,
7454.0,Stunt Race FX,Super Nintendo,1183.0,Item only,Normal wear,,,0.0,1.0,2024-09-02,,,,,,,
37143.0,Final Fantasy XV,Playstation 4,949.0,"Item, Box, and Manual",Normal wear,,,0.0,1.0,2026-06-27,,,,,,,
5259.0,Gauntlet Dark Legacy,Playstation 2,3204.0,"Item, Box, and Manual",No blemishes,,,0.0,1.0,2023-07-07,,,,ps2,,,
49906.0,MX Unleashed [Greatest Hits],Playstation 2,837.0,"Item, Box, and Manual",Normal wear,,,0.0,1.0,2023-07-07,,,,ps2,,,
6322.0,Kabuki Warriors,Xbox,936.0,"Item, Box, and Manual",Normal wear,,,0.0,1.0,2023-07-07,,,,,,,
6160.0,Crash Nitro Kart,Xbox,1154.0,"Item, Box, and Manual",Normal wear,,,0.0,1.0,2023-07-07,,,,,,,
